shape_id,subject_class,subject_uri,property,property_uri,object_class,object_uri,total_entities,participating_entities,occurrence_count,coverage_ratio,coverage_percent,shape_pattern
shape_000156,sparqlserv:Service,http://www.w3.org/ns/sparql-service-description#Service,sparqlserv:resultFormat,http://www.w3.org/ns/sparql-service-description#resultFormat,Resource,Resource,1,1,1,1.0,100.0,sparqlserv:Service -> sparqlserv:resultFormat -> Resource
shape_000153,sparqlserv:Service,http://www.w3.org/ns/sparql-service-description#Service,sparqlserv:defaultDataset,http://www.w3.org/ns/sparql-service-description#defaultDataset,sparqlserv:Dataset,http://www.w3.org/ns/sparql-service-description#Dataset,1,1,1,1.0,100.0,sparqlserv:Service -> sparqlserv:defaultDataset -> sparqlserv:Dataset
shape_000157,sparqlserv:Service,http://www.w3.org/ns/sparql-service-description#Service,sparqlserv:supportedLanguage,http://www.w3.org/ns/sparql-service-description#supportedLanguage,Resource,Resource,1,1,1,1.0,100.0,sparqlserv:Service -> sparqlserv:supportedLanguage -> Resource
shape_000150,sparqlserv:NamedGraph,http://www.w3.org/ns/sparql-service-description#NamedGraph,sparqlserv:graph,http://www.w3.org/ns/sparql-service-description#graph,sparqlserv:Graph,http://www.w3.org/ns/sparql-service-description#Graph,4,4,4,1.0,100.0,sparqlserv:NamedGraph -> sparqlserv:graph -> sparqlserv:Graph
shape_000095,owl:Axiom,http://www.w3.org/2002/07/owl#Axiom,oboinowl:hasDbXref,http://www.geneontology.org/formats/oboInOwl#hasDbXref,Literal,Literal,17008,17008,17008,1.0,100.0,owl:Axiom -> oboinowl:hasDbXref -> Literal
shape_000077,owl:Class,http://www.w3.org/2002/07/owl#Class,rdfs:subClassOf,http://www.w3.org/2000/01/rdf-schema#subClassOf,owl:Class,http://www.w3.org/2002/07/owl#Class,215518,215511,215511,1.0,100.0,owl:Class -> rdfs:subClassOf -> owl:Class
shape_000107,owl:TransitiveProperty,http://www.w3.org/2002/07/owl#TransitiveProperty,owl:inverseOf,http://www.w3.org/2002/07/owl#inverseOf,owl:ObjectProperty,http://www.w3.org/2002/07/owl#ObjectProperty,1,1,1,1.0,100.0,owl:TransitiveProperty -> owl:inverseOf -> owl:ObjectProperty
shape_000112,sh:SPARQLSelectExecutable,http://www.w3.org/ns/shacl#SPARQLSelectExecutable,sh:select,http://www.w3.org/ns/shacl#select,Literal,Literal,121,121,121,1.0,100.0,sh:SPARQLSelectExecutable -> sh:select -> Literal
shape_000113,sh:SPARQLExecutable,http://www.w3.org/ns/shacl#SPARQLExecutable,sh:select,http://www.w3.org/ns/shacl#select,Literal,Literal,121,121,121,1.0,100.0,sh:SPARQLExecutable -> sh:select -> Literal
shape_000104,owl:Axiom,http://www.w3.org/2002/07/owl#Axiom,owl:annotatedSource,http://www.w3.org/2002/07/owl#annotatedSource,owl:Class,http://www.w3.org/2002/07/owl#Class,17008,17008,17008,1.0,100.0,owl:Axiom -> owl:annotatedSource -> owl:Class
shape_000103,owl:Axiom,http://www.w3.org/2002/07/owl#Axiom,owl:annotatedProperty,http://www.w3.org/2002/07/owl#annotatedProperty,Resource,Resource,17008,17008,17008,1.0,100.0,owl:Axiom -> owl:annotatedProperty -> Resource
shape_000102,owl:Axiom,http://www.w3.org/2002/07/owl#Axiom,owl:annotatedTarget,http://www.w3.org/2002/07/owl#annotatedTarget,Literal,Literal,17008,17008,17008,1.0,100.0,owl:Axiom -> owl:annotatedTarget -> Literal
shape_000151,sparqlserv:NamedGraph,http://www.w3.org/ns/sparql-service-description#NamedGraph,sparqlserv:name,http://www.w3.org/ns/sparql-service-description#name,sparqlserv:NamedGraph,http://www.w3.org/ns/sparql-service-description#NamedGraph,4,4,4,1.0,100.0,sparqlserv:NamedGraph -> sparqlserv:name -> sparqlserv:NamedGraph
shape_000152,sparqlserv:Service,http://www.w3.org/ns/sparql-service-description#Service,sparqlserv:availableGraphs,http://www.w3.org/ns/sparql-service-description#availableGraphs,Resource,Resource,1,1,1,1.0,100.0,sparqlserv:Service -> sparqlserv:availableGraphs -> Resource
shape_000140,sparqlserv:Dataset,http://www.w3.org/ns/sparql-service-description#Dataset,sparqlserv:namedGraph,http://www.w3.org/ns/sparql-service-description#namedGraph,sparqlserv:NamedGraph,http://www.w3.org/ns/sparql-service-description#NamedGraph,1,1,1,1.0,100.0,sparqlserv:Dataset -> sparqlserv:namedGraph -> sparqlserv:NamedGraph
shape_000138,sparqlserv:Dataset,http://www.w3.org/ns/sparql-service-description#Dataset,pav:version,http://purl.org/pav/version,Literal,Literal,1,1,1,1.0,100.0,sparqlserv:Dataset -> pav:version -> Literal
shape_000139,sparqlserv:Dataset,http://www.w3.org/ns/sparql-service-description#Dataset,sparqlserv:defaultGraph,http://www.w3.org/ns/sparql-service-description#defaultGraph,sparqlserv:Graph,http://www.w3.org/ns/sparql-service-description#Graph,1,1,1,1.0,100.0,sparqlserv:Dataset -> sparqlserv:defaultGraph -> sparqlserv:Graph
shape_000136,sparqlserv:Dataset,http://www.w3.org/ns/sparql-service-description#Dataset,dcterms:issued,http://purl.org/dc/terms/issued,Literal,Literal,1,1,1,1.0,100.0,sparqlserv:Dataset -> dcterms:issued -> Literal
shape_000116,owl:Ontology,http://www.w3.org/2002/07/owl#Ontology,owl:imports,http://www.w3.org/2002/07/owl#imports,Resource,Resource,1,1,1,1.0,100.0,owl:Ontology -> owl:imports -> Resource
shape_000068,sh:SPARQLSelectExecutable,http://www.w3.org/ns/shacl#SPARQLSelectExecutable,rdfs:comment,http://www.w3.org/2000/01/rdf-schema#comment,Literal,Literal,121,121,121,1.0,100.0,sh:SPARQLSelectExecutable -> rdfs:comment -> Literal
shape_000067,sh:SPARQLSelectExecutable,http://www.w3.org/ns/shacl#SPARQLSelectExecutable,rdfs:comment,http://www.w3.org/2000/01/rdf-schema#comment,Literal,Literal,121,121,121,1.0,100.0,sh:SPARQLSelectExecutable -> rdfs:comment -> Literal
shape_000155,sparqlserv:Service,http://www.w3.org/ns/sparql-service-description#Service,sparqlserv:feature,http://www.w3.org/ns/sparql-service-description#feature,Resource,Resource,1,1,1,1.0,100.0,sparqlserv:Service -> sparqlserv:feature -> Resource
shape_000071,owl:Ontology,http://www.w3.org/2002/07/owl#Ontology,rdfs:comment,http://www.w3.org/2000/01/rdf-schema#comment,Literal,Literal,1,1,1,1.0,100.0,owl:Ontology -> rdfs:comment -> Literal
shape_000070,sh:SPARQLExecutable,http://www.w3.org/ns/shacl#SPARQLExecutable,rdfs:comment,http://www.w3.org/2000/01/rdf-schema#comment,Literal,Literal,121,121,121,1.0,100.0,sh:SPARQLExecutable -> rdfs:comment -> Literal
shape_000069,sh:SPARQLExecutable,http://www.w3.org/ns/shacl#SPARQLExecutable,rdfs:comment,http://www.w3.org/2000/01/rdf-schema#comment,Literal,Literal,121,121,121,1.0,100.0,sh:SPARQLExecutable -> rdfs:comment -> Literal
shape_000154,sparqlserv:Service,http://www.w3.org/ns/sparql-service-description#Service,sparqlserv:endpoint,http://www.w3.org/ns/sparql-service-description#endpoint,sparqlserv:Service,http://www.w3.org/ns/sparql-service-description#Service,1,1,1,1.0,100.0,sparqlserv:Service -> sparqlserv:endpoint -> sparqlserv:Service
shape_000099,owl:Restriction,http://www.w3.org/2002/07/owl#Restriction,owl:someValuesFrom,http://www.w3.org/2002/07/owl#someValuesFrom,owl:Class,http://www.w3.org/2002/07/owl#Class,102765,102748,102748,0.9998,99.98,owl:Restriction -> owl:someValuesFrom -> owl:Class
shape_000098,owl:Class,http://www.w3.org/2002/07/owl#Class,oboinowl:hasId,http://www.geneontology.org/formats/oboInOwl#hasId,Literal,Literal,215518,203022,203022,0.942,94.2,owl:Class -> oboinowl:hasId -> Literal
shape_000089,owl:Class,http://www.w3.org/2002/07/owl#Class,oboinowl:inSubset,http://www.geneontology.org/formats/oboInOwl#inSubset,Resource,Resource,215518,203022,203022,0.942,94.2,owl:Class -> oboinowl:inSubset -> Resource
shape_000082,owl:Class,http://www.w3.org/2002/07/owl#Class,rdfs:label,http://www.w3.org/2000/01/rdf-schema#label,Literal,Literal,215518,203022,203022,0.942,94.2,owl:Class -> rdfs:label -> Literal
shape_000076,rdfs:Class,http://www.w3.org/2000/01/rdf-schema#Class,rdfs:subClassOf,http://www.w3.org/2000/01/rdf-schema#subClassOf,rdfs:Class,http://www.w3.org/2000/01/rdf-schema#Class,210946,197638,197638,0.9369,93.69,rdfs:Class -> rdfs:subClassOf -> rdfs:Class
shape_000100,owl:Restriction,http://www.w3.org/2002/07/owl#Restriction,owl:onProperty,http://www.w3.org/2002/07/owl#onProperty,owl:ObjectProperty,http://www.w3.org/2002/07/owl#ObjectProperty,102765,93857,93857,0.9133,91.33,owl:Restriction -> owl:onProperty -> owl:ObjectProperty
shape_000090,owl:Class,http://www.w3.org/2002/07/owl#Class,obo:chebi/charge,http://purl.obolibrary.org/obo/chebi/charge,Literal,Literal,215518,191229,191229,0.8873,88.73,owl:Class -> obo:chebi/charge -> Literal
shape_000088,owl:Class,http://www.w3.org/2002/07/owl#Class,obo:chebi/formula,http://purl.obolibrary.org/obo/chebi/formula,Literal,Literal,215518,190727,190727,0.885,88.5,owl:Class -> obo:chebi/formula -> Literal
shape_000096,owl:Class,http://www.w3.org/2002/07/owl#Class,obo:chebi/smiles,http://purl.obolibrary.org/obo/chebi/smiles,Literal,Literal,215518,189075,189075,0.8773,87.73,owl:Class -> obo:chebi/smiles -> Literal
shape_000092,owl:Class,http://www.w3.org/2002/07/owl#Class,obo:chebi/inchikey,http://purl.obolibrary.org/obo/chebi/inchikey,Literal,Literal,215518,179331,179331,0.8321,83.21,owl:Class -> obo:chebi/inchikey -> Literal
shape_000087,owl:Class,http://www.w3.org/2002/07/owl#Class,obo:chebi/inchi,http://purl.obolibrary.org/obo/chebi/inchi,Literal,Literal,215518,179331,179331,0.8321,83.21,owl:Class -> obo:chebi/inchi -> Literal
shape_000094,owl:Class,http://www.w3.org/2002/07/owl#Class,oboinowl:hasDbXref,http://www.geneontology.org/formats/oboInOwl#hasDbXref,Literal,Literal,215518,162526,162526,0.7541,75.41,owl:Class -> oboinowl:hasDbXref -> Literal
shape_000086,owl:Class,http://www.w3.org/2002/07/owl#Class,oboinowl:hasSynonym,http://www.geneontology.org/formats/oboInOwl#hasSynonym,Literal,Literal,215518,145737,145737,0.6762,67.62,owl:Class -> oboinowl:hasSynonym -> Literal
shape_000075,rdfs:Class,http://www.w3.org/2000/01/rdf-schema#Class,rdfs:subClassOf,http://www.w3.org/2000/01/rdf-schema#subClassOf,owl:Class,http://www.w3.org/2002/07/owl#Class,210946,93611,93611,0.4438,44.38,rdfs:Class -> rdfs:subClassOf -> owl:Class
shape_000043,rdfs:Class,http://www.w3.org/2000/01/rdf-schema#Class,rdf:id,http://rdf.rhea-db.org/id,Literal,Literal,210946,86938,86938,0.4121,41.21,rdfs:Class -> rdf:id -> Literal
shape_000045,rdfs:Class,http://www.w3.org/2000/01/rdf-schema#Class,rdf:accession,http://rdf.rhea-db.org/accession,Literal,Literal,210946,86938,86938,0.4121,41.21,rdfs:Class -> rdf:accession -> Literal
shape_000029,rdfs:Class,http://www.w3.org/2000/01/rdf-schema#Class,rdf:compound,http://rdf.rhea-db.org/compound,rdfs:Class,http://www.w3.org/2000/01/rdf-schema#Class,210946,86433,86433,0.4097,40.97,rdfs:Class -> rdf:compound -> rdfs:Class
shape_000105,owl:ObjectProperty,http://www.w3.org/2002/07/owl#ObjectProperty,owl:inverseOf,http://www.w3.org/2002/07/owl#inverseOf,owl:ObjectProperty,http://www.w3.org/2002/07/owl#ObjectProperty,10,4,4,0.4,40.0,owl:ObjectProperty -> owl:inverseOf -> owl:ObjectProperty
shape_000028,rdfs:Class,http://www.w3.org/2000/01/rdf-schema#Class,rdf:compound,http://rdf.rhea-db.org/compound,owl:Class,http://www.w3.org/2002/07/owl#Class,210946,79127,79127,0.3751,37.51,rdfs:Class -> rdf:compound -> owl:Class
shape_000064,rdfs:Class,http://www.w3.org/2000/01/rdf-schema#Class,rdf:status,http://rdf.rhea-db.org/status,rdfs:Class,http://www.w3.org/2000/01/rdf-schema#Class,210946,72284,72284,0.3427,34.27,rdfs:Class -> rdf:status -> rdfs:Class
shape_000081,rdfs:Class,http://www.w3.org/2000/01/rdf-schema#Class,rdfs:label,http://www.w3.org/2000/01/rdf-schema#label,Literal,Literal,210946,71147,71147,0.3373,33.73,rdfs:Class -> rdfs:label -> Literal
shape_000022,rdfs:Class,http://www.w3.org/2000/01/rdf-schema#Class,rdf:isTransport,http://rdf.rhea-db.org/isTransport,Literal,Literal,210946,71132,71132,0.3372,33.72,rdfs:Class -> rdf:isTransport -> Literal
shape_000018,rdfs:Class,http://www.w3.org/2000/01/rdf-schema#Class,rdf:htmlEquation,http://rdf.rhea-db.org/htmlEquation,Literal,Literal,210946,71132,71132,0.3372,33.72,rdfs:Class -> rdf:htmlEquation -> Literal
shape_000007,rdfs:Class,http://www.w3.org/2000/01/rdf-schema#Class,rdf:equation,http://rdf.rhea-db.org/equation,Literal,Literal,210946,71132,71132,0.3372,33.72,rdfs:Class -> rdf:equation -> Literal
shape_000015,rdfs:Class,http://www.w3.org/2000/01/rdf-schema#Class,rdf:isChemicallyBalanced,http://rdf.rhea-db.org/isChemicallyBalanced,Literal,Literal,210946,71132,71132,0.3372,33.72,rdfs:Class -> rdf:isChemicallyBalanced -> Literal
shape_000035,rdfs:Class,http://www.w3.org/2000/01/rdf-schema#Class,rdf:citation,http://rdf.rhea-db.org/citation,Resource,Resource,210946,67480,67480,0.3199,31.99,rdfs:Class -> rdf:citation -> Resource
shape_000091,owl:Class,http://www.w3.org/2002/07/owl#Class,iao:0000115,http://purl.obolibrary.org/obo/IAO_0000115,Literal,Literal,215518,56936,56936,0.2642,26.42,owl:Class -> iao:0000115 -> Literal
shape_000111,sh:SPARQLExecutable,http://www.w3.org/ns/shacl#SPARQLExecutable,sh:prefixes,http://www.w3.org/ns/shacl#prefixes,owl:Ontology,http://www.w3.org/2002/07/owl#Ontology,121,29,29,0.2397,23.97,sh:SPARQLExecutable -> sh:prefixes -> owl:Ontology
shape_000078,owl:Class,http://www.w3.org/2002/07/owl#Class,rdfs:subClassOf,http://www.w3.org/2000/01/rdf-schema#subClassOf,owl:Restriction,http://www.w3.org/2002/07/owl#Restriction,215518,51667,51667,0.2397,23.97,owl:Class -> rdfs:subClassOf -> owl:Restriction
shape_000110,sh:SPARQLSelectExecutable,http://www.w3.org/ns/shacl#SPARQLSelectExecutable,sh:prefixes,http://www.w3.org/ns/shacl#prefixes,owl:Ontology,http://www.w3.org/2002/07/owl#Ontology,121,29,29,0.2397,23.97,sh:SPARQLSelectExecutable -> sh:prefixes -> owl:Ontology
shape_000137,sparqlserv:Graph,http://www.w3.org/ns/sparql-service-description#Graph,dcterms:issued,http://purl.org/dc/terms/issued,Literal,Literal,5,1,1,0.2,20.0,sparqlserv:Graph -> dcterms:issued -> Literal
shape_000042,rdfs:Class,http://www.w3.org/2000/01/rdf-schema#Class,rdf:curatedOrder,http://rdf.rhea-db.org/curatedOrder,Literal,Literal,210946,35566,35566,0.1686,16.86,rdfs:Class -> rdf:curatedOrder -> Literal
shape_000080,rdfs:Class,http://www.w3.org/2000/01/rdf-schema#Class,rdf:transformableTo,http://rdf.rhea-db.org/transformableTo,rdfs:Class,http://www.w3.org/2000/01/rdf-schema#Class,210946,35566,35566,0.1686,16.86,rdfs:Class -> rdf:transformableTo -> rdfs:Class
shape_000008,rdfs:Class,http://www.w3.org/2000/01/rdf-schema#Class,rdf:contains,http://rdf.rhea-db.org/contains,rdfs:Class,http://www.w3.org/2000/01/rdf-schema#Class,210946,35566,35566,0.1686,16.86,rdfs:Class -> rdf:contains -> rdfs:Class
shape_000083,rdfs:Class,http://www.w3.org/2000/01/rdf-schema#Class,rdf:substrates,http://rdf.rhea-db.org/substrates,rdfs:Class,http://www.w3.org/2000/01/rdf-schema#Class,210946,35566,35566,0.1686,16.86,rdfs:Class -> rdf:substrates -> rdfs:Class
shape_000063,rdfs:Class,http://www.w3.org/2000/01/rdf-schema#Class,rdf:products,http://rdf.rhea-db.org/products,rdfs:Class,http://www.w3.org/2000/01/rdf-schema#Class,210946,35566,35566,0.1686,16.86,rdfs:Class -> rdf:products -> rdfs:Class
shape_000032,rdfs:Class,http://www.w3.org/2000/01/rdf-schema#Class,rdf:contains1,http://rdf.rhea-db.org/contains1,rdfs:Class,http://www.w3.org/2000/01/rdf-schema#Class,210946,35362,35362,0.1676,16.76,rdfs:Class -> rdf:contains1 -> rdfs:Class
shape_000109,sh:SPARQLExecutable,http://www.w3.org/ns/shacl#SPARQLExecutable,ontology:federatesWith,https://purl.expasy.org/sparql-examples/ontology#federatesWith,Resource,Resource,121,18,18,0.1488,14.88,sh:SPARQLExecutable -> ontology:federatesWith -> Resource
shape_000108,sh:SPARQLSelectExecutable,http://www.w3.org/ns/shacl#SPARQLSelectExecutable,ontology:federatesWith,https://purl.expasy.org/sparql-examples/ontology#federatesWith,Resource,Resource,121,18,18,0.1488,14.88,sh:SPARQLSelectExecutable -> ontology:federatesWith -> Resource
shape_000115,sh:SPARQLExecutable,http://www.w3.org/ns/shacl#SPARQLExecutable,schema:target,https://schema.org/target,Resource,Resource,121,15,15,0.124,12.4,sh:SPARQLExecutable -> schema:target -> Resource
shape_000114,sh:SPARQLSelectExecutable,http://www.w3.org/ns/shacl#SPARQLSelectExecutable,schema:target,https://schema.org/target,Resource,Resource,121,15,15,0.124,12.4,sh:SPARQLSelectExecutable -> schema:target -> Resource
shape_000106,owl:ObjectProperty,http://www.w3.org/2002/07/owl#ObjectProperty,owl:inverseOf,http://www.w3.org/2002/07/owl#inverseOf,owl:TransitiveProperty,http://www.w3.org/2002/07/owl#TransitiveProperty,10,1,1,0.1,10.0,owl:ObjectProperty -> owl:inverseOf -> owl:TransitiveProperty
shape_000085,rdfs:Class,http://www.w3.org/2000/01/rdf-schema#Class,rdfs:seeAlso,http://www.w3.org/2000/01/rdf-schema#seeAlso,Resource,Resource,210946,19955,19955,0.0946,9.46,rdfs:Class -> rdfs:seeAlso -> Resource
shape_000023,rdfs:Class,http://www.w3.org/2000/01/rdf-schema#Class,rdf:bidirectionalReaction,http://rdf.rhea-db.org/bidirectionalReaction,rdfs:Class,http://www.w3.org/2000/01/rdf-schema#Class,210946,18071,18071,0.0857,8.57,rdfs:Class -> rdf:bidirectionalReaction -> rdfs:Class
shape_000003,rdfs:Class,http://www.w3.org/2000/01/rdf-schema#Class,rdf:directionalReaction,http://rdf.rhea-db.org/directionalReaction,rdfs:Class,http://www.w3.org/2000/01/rdf-schema#Class,210946,18071,18071,0.0857,8.57,rdfs:Class -> rdf:directionalReaction -> rdfs:Class
shape_000065,rdfs:Class,http://www.w3.org/2000/01/rdf-schema#Class,rdf:substratesOrProducts,http://rdf.rhea-db.org/substratesOrProducts,rdfs:Class,http://www.w3.org/2000/01/rdf-schema#Class,210946,17783,17783,0.0843,8.43,rdfs:Class -> rdf:substratesOrProducts -> rdfs:Class
shape_000072,rdfs:Class,http://www.w3.org/2000/01/rdf-schema#Class,rdf:side,http://rdf.rhea-db.org/side,rdfs:Class,http://www.w3.org/2000/01/rdf-schema#Class,210946,17783,17783,0.0843,8.43,rdfs:Class -> rdf:side -> rdfs:Class
shape_000059,rdfs:Class,http://www.w3.org/2000/01/rdf-schema#Class,rdf:name,http://rdf.rhea-db.org/name,Literal,Literal,210946,16643,16643,0.0789,7.89,rdfs:Class -> rdf:name -> Literal
shape_000097,owl:Class,http://www.w3.org/2002/07/owl#Class,uniprot.core:name,http://purl.uniprot.org/core/name,Literal,Literal,215518,17008,17008,0.0789,7.89,owl:Class -> uniprot.core:name -> Literal
shape_000016,rdfs:Class,http://www.w3.org/2000/01/rdf-schema#Class,rdf:htmlName,http://rdf.rhea-db.org/htmlName,Literal,Literal,210946,16643,16643,0.0789,7.89,rdfs:Class -> rdf:htmlName -> Literal
shape_000024,rdfs:Class,http://www.w3.org/2000/01/rdf-schema#Class,rdf:formula,http://rdf.rhea-db.org/formula,Literal,Literal,210946,14744,14744,0.0699,6.99,rdfs:Class -> rdf:formula -> Literal
shape_000055,rdfs:Class,http://www.w3.org/2000/01/rdf-schema#Class,rdf:charge,http://rdf.rhea-db.org/charge,Literal,Literal,210946,14744,14744,0.0699,6.99,rdfs:Class -> rdf:charge -> Literal
shape_000054,rdfs:Class,http://www.w3.org/2000/01/rdf-schema#Class,rdf:charge,http://rdf.rhea-db.org/charge,Literal,Literal,210946,14744,14744,0.0699,6.99,rdfs:Class -> rdf:charge -> Literal
shape_000038,rdfs:Class,http://www.w3.org/2000/01/rdf-schema#Class,rdf:chebi,http://rdf.rhea-db.org/chebi,owl:Class,http://www.w3.org/2002/07/owl#Class,210946,14484,14484,0.0687,6.87,rdfs:Class -> rdf:chebi -> owl:Class
shape_000056,owl:Class,http://www.w3.org/2002/07/owl#Class,rdf:charge,http://rdf.rhea-db.org/charge,Literal,Literal,215518,12494,12494,0.058,5.8,owl:Class -> rdf:charge -> Literal
shape_000025,owl:Class,http://www.w3.org/2002/07/owl#Class,rdf:formula,http://rdf.rhea-db.org/formula,Literal,Literal,215518,12494,12494,0.058,5.8,owl:Class -> rdf:formula -> Literal
shape_000079,owl:Class,http://www.w3.org/2002/07/owl#Class,rdfs:subClassOf,http://www.w3.org/2000/01/rdf-schema#subClassOf,rdfs:Class,http://www.w3.org/2000/01/rdf-schema#Class,215518,12496,12496,0.058,5.8,owl:Class -> rdfs:subClassOf -> rdfs:Class
shape_000060,owl:Class,http://www.w3.org/2002/07/owl#Class,rdf:name,http://rdf.rhea-db.org/name,Literal,Literal,215518,12496,12496,0.058,5.8,owl:Class -> rdf:name -> Literal
shape_000044,owl:Class,http://www.w3.org/2002/07/owl#Class,rdf:id,http://rdf.rhea-db.org/id,Literal,Literal,215518,12496,12496,0.058,5.8,owl:Class -> rdf:id -> Literal
shape_000046,owl:Class,http://www.w3.org/2002/07/owl#Class,rdf:accession,http://rdf.rhea-db.org/accession,Literal,Literal,215518,12496,12496,0.058,5.8,owl:Class -> rdf:accession -> Literal
shape_000017,owl:Class,http://www.w3.org/2002/07/owl#Class,rdf:htmlName,http://rdf.rhea-db.org/htmlName,Literal,Literal,215518,12496,12496,0.058,5.8,owl:Class -> rdf:htmlName -> Literal
shape_000039,owl:Class,http://www.w3.org/2002/07/owl#Class,rdf:chebi,http://rdf.rhea-db.org/chebi,owl:Class,http://www.w3.org/2002/07/owl#Class,215518,12495,12495,0.058,5.8,owl:Class -> rdf:chebi -> owl:Class
shape_000066,rdfs:Class,http://www.w3.org/2000/01/rdf-schema#Class,rdfs:comment,http://www.w3.org/2000/01/rdf-schema#comment,Literal,Literal,210946,11763,11763,0.0558,5.58,rdfs:Class -> rdfs:comment -> Literal
shape_000101,owl:Restriction,http://www.w3.org/2002/07/owl#Restriction,owl:onProperty,http://www.w3.org/2002/07/owl#onProperty,owl:TransitiveProperty,http://www.w3.org/2002/07/owl#TransitiveProperty,102765,4080,4080,0.0397,3.97,owl:Restriction -> owl:onProperty -> owl:TransitiveProperty
shape_000093,owl:Class,http://www.w3.org/2002/07/owl#Class,oboinowl:hasAlternativeId,http://www.geneontology.org/formats/oboInOwl#hasAlternativeId,Literal,Literal,215518,7754,7754,0.036,3.6,owl:Class -> oboinowl:hasAlternativeId -> Literal
shape_000052,rdfs:Class,http://www.w3.org/2000/01/rdf-schema#Class,rdf:ec,http://rdf.rhea-db.org/ec,Resource,Resource,210946,7569,7569,0.0359,3.59,rdfs:Class -> rdf:ec -> Resource
shape_000011,rdfs:Class,http://www.w3.org/2000/01/rdf-schema#Class,rdf:location,http://rdf.rhea-db.org/location,rdfs:Class,http://www.w3.org/2000/01/rdf-schema#Class,210946,5111,5111,0.0242,2.42,rdfs:Class -> rdf:location -> rdfs:Class
shape_000047,rdfs:Class,http://www.w3.org/2000/01/rdf-schema#Class,rdf:contains2,http://rdf.rhea-db.org/contains2,rdfs:Class,http://www.w3.org/2000/01/rdf-schema#Class,210946,3528,3528,0.0167,1.67,rdfs:Class -> rdf:contains2 -> rdfs:Class
shape_000084,rdfs:Class,http://www.w3.org/2000/01/rdf-schema#Class,rdf:reactivePart,http://rdf.rhea-db.org/reactivePart,rdfs:Class,http://www.w3.org/2000/01/rdf-schema#Class,210946,1897,1897,0.009,0.9,rdfs:Class -> rdf:reactivePart -> rdfs:Class
shape_000014,rdfs:Class,http://www.w3.org/2000/01/rdf-schema#Class,rdf:contains3,http://rdf.rhea-db.org/contains3,rdfs:Class,http://www.w3.org/2000/01/rdf-schema#Class,210946,640,640,0.003,0.3,rdfs:Class -> rdf:contains3 -> rdfs:Class
shape_000020,rdfs:Class,http://www.w3.org/2000/01/rdf-schema#Class,rdf:position,http://rdf.rhea-db.org/position,Literal,Literal,210946,459,459,0.0022,0.22,rdfs:Class -> rdf:position -> Literal
shape_000026,rdfs:Class,http://www.w3.org/2000/01/rdf-schema#Class,rdf:contains4,http://rdf.rhea-db.org/contains4,rdfs:Class,http://www.w3.org/2000/01/rdf-schema#Class,210946,321,321,0.0015,0.15,rdfs:Class -> rdf:contains4 -> rdfs:Class
shape_000040,rdfs:Class,http://www.w3.org/2000/01/rdf-schema#Class,rdf:polymerizationIndex,http://rdf.rhea-db.org/polymerizationIndex,Literal,Literal,210946,261,261,0.0012,0.12,rdfs:Class -> rdf:polymerizationIndex -> Literal
shape_000074,rdfs:Class,http://www.w3.org/2000/01/rdf-schema#Class,rdf:underlyingChebi,http://rdf.rhea-db.org/underlyingChebi,owl:Class,http://www.w3.org/2002/07/owl#Class,210946,261,261,0.0012,0.12,rdfs:Class -> rdf:underlyingChebi -> owl:Class
shape_000013,rdfs:Class,http://www.w3.org/2000/01/rdf-schema#Class,rdf:containsN,http://rdf.rhea-db.org/containsN,rdfs:Class,http://www.w3.org/2000/01/rdf-schema#Class,210946,144,144,0.0007,0.07,rdfs:Class -> rdf:containsN -> rdfs:Class
shape_000001,rdfs:Class,http://www.w3.org/2000/01/rdf-schema#Class,rdf:contains6,http://rdf.rhea-db.org/contains6,rdfs:Class,http://www.w3.org/2000/01/rdf-schema#Class,210946,121,121,0.0006,0.06,rdfs:Class -> rdf:contains6 -> rdfs:Class
shape_000006,rdfs:Class,http://www.w3.org/2000/01/rdf-schema#Class,rdf:contains5,http://rdf.rhea-db.org/contains5,rdfs:Class,http://www.w3.org/2000/01/rdf-schema#Class,210946,95,95,0.0005,0.05,rdfs:Class -> rdf:contains5 -> rdfs:Class
shape_000051,rdfs:Class,http://www.w3.org/2000/01/rdf-schema#Class,rdf:contains8,http://rdf.rhea-db.org/contains8,rdfs:Class,http://www.w3.org/2000/01/rdf-schema#Class,210946,73,73,0.0003,0.03,rdfs:Class -> rdf:contains8 -> rdfs:Class
shape_000019,rdfs:Class,http://www.w3.org/2000/01/rdf-schema#Class,rdf:contains7,http://rdf.rhea-db.org/contains7,rdfs:Class,http://www.w3.org/2000/01/rdf-schema#Class,210946,39,39,0.0002,0.02,rdfs:Class -> rdf:contains7 -> rdfs:Class
shape_000031,rdfs:Class,http://www.w3.org/2000/01/rdf-schema#Class,rdf:contains10,http://rdf.rhea-db.org/contains10,rdfs:Class,http://www.w3.org/2000/01/rdf-schema#Class,210946,16,16,0.0001,0.01,rdfs:Class -> rdf:contains10 -> rdfs:Class
shape_000030,rdfs:Class,http://www.w3.org/2000/01/rdf-schema#Class,rdf:contains16,http://rdf.rhea-db.org/contains16,rdfs:Class,http://www.w3.org/2000/01/rdf-schema#Class,210946,11,11,0.0001,0.01,rdfs:Class -> rdf:contains16 -> rdfs:Class
shape_000004,rdfs:Class,http://www.w3.org/2000/01/rdf-schema#Class,rdf:contains11,http://rdf.rhea-db.org/contains11,rdfs:Class,http://www.w3.org/2000/01/rdf-schema#Class,210946,15,15,0.0001,0.01,rdfs:Class -> rdf:contains11 -> rdfs:Class
shape_000012,rdfs:Class,http://www.w3.org/2000/01/rdf-schema#Class,rdf:contains9,http://rdf.rhea-db.org/contains9,rdfs:Class,http://www.w3.org/2000/01/rdf-schema#Class,210946,21,21,0.0001,0.01,rdfs:Class -> rdf:contains9 -> rdfs:Class
shape_000053,rdfs:Class,http://www.w3.org/2000/01/rdf-schema#Class,rdf:contains12,http://rdf.rhea-db.org/contains12,rdfs:Class,http://www.w3.org/2000/01/rdf-schema#Class,210946,14,14,0.0001,0.01,rdfs:Class -> rdf:contains12 -> rdfs:Class
shape_000000,rdfs:Class,http://www.w3.org/2000/01/rdf-schema#Class,rdf:contains22,http://rdf.rhea-db.org/contains22,rdfs:Class,http://www.w3.org/2000/01/rdf-schema#Class,210946,3,3,0.0,0.0,rdfs:Class -> rdf:contains22 -> rdfs:Class
shape_000002,rdfs:Class,http://www.w3.org/2000/01/rdf-schema#Class,rdf:contains40,http://rdf.rhea-db.org/contains40,rdfs:Class,http://www.w3.org/2000/01/rdf-schema#Class,210946,2,2,0.0,0.0,rdfs:Class -> rdf:contains40 -> rdfs:Class
shape_000061,rdfs:Class,http://www.w3.org/2000/01/rdf-schema#Class,rdf:contains18,http://rdf.rhea-db.org/contains18,rdfs:Class,http://www.w3.org/2000/01/rdf-schema#Class,210946,4,4,0.0,0.0,rdfs:Class -> rdf:contains18 -> rdfs:Class
shape_000033,rdfs:Class,http://www.w3.org/2000/01/rdf-schema#Class,rdf:contains17,http://rdf.rhea-db.org/contains17,rdfs:Class,http://www.w3.org/2000/01/rdf-schema#Class,210946,1,1,0.0,0.0,rdfs:Class -> rdf:contains17 -> rdfs:Class
shape_000034,rdfs:Class,http://www.w3.org/2000/01/rdf-schema#Class,rdf:contains13,http://rdf.rhea-db.org/contains13,rdfs:Class,http://www.w3.org/2000/01/rdf-schema#Class,210946,4,4,0.0,0.0,rdfs:Class -> rdf:contains13 -> rdfs:Class
shape_000009,rdfs:Class,http://www.w3.org/2000/01/rdf-schema#Class,rdf:contains19,http://rdf.rhea-db.org/contains19,rdfs:Class,http://www.w3.org/2000/01/rdf-schema#Class,210946,1,1,0.0,0.0,rdfs:Class -> rdf:contains19 -> rdfs:Class
shape_000062,rdfs:Class,http://www.w3.org/2000/01/rdf-schema#Class,rdf:contains32,http://rdf.rhea-db.org/contains32,rdfs:Class,http://www.w3.org/2000/01/rdf-schema#Class,210946,1,1,0.0,0.0,rdfs:Class -> rdf:contains32 -> rdfs:Class
shape_000057,rdfs:Class,http://www.w3.org/2000/01/rdf-schema#Class,rdf:contains21,http://rdf.rhea-db.org/contains21,rdfs:Class,http://www.w3.org/2000/01/rdf-schema#Class,210946,1,1,0.0,0.0,rdfs:Class -> rdf:contains21 -> rdfs:Class
shape_000058,rdfs:Class,http://www.w3.org/2000/01/rdf-schema#Class,rdf:contains27,http://rdf.rhea-db.org/contains27,rdfs:Class,http://www.w3.org/2000/01/rdf-schema#Class,210946,1,1,0.0,0.0,rdfs:Class -> rdf:contains27 -> rdfs:Class
shape_000041,rdfs:Class,http://www.w3.org/2000/01/rdf-schema#Class,rdf:containsNminus1,http://rdf.rhea-db.org/containsNminus1,rdfs:Class,http://www.w3.org/2000/01/rdf-schema#Class,210946,4,4,0.0,0.0,rdfs:Class -> rdf:containsNminus1 -> rdfs:Class
shape_000048,rdfs:Class,http://www.w3.org/2000/01/rdf-schema#Class,rdf:contains20,http://rdf.rhea-db.org/contains20,rdfs:Class,http://www.w3.org/2000/01/rdf-schema#Class,210946,3,3,0.0,0.0,rdfs:Class -> rdf:contains20 -> rdfs:Class
shape_000049,rdfs:Class,http://www.w3.org/2000/01/rdf-schema#Class,rdf:contains24,http://rdf.rhea-db.org/contains24,rdfs:Class,http://www.w3.org/2000/01/rdf-schema#Class,210946,2,2,0.0,0.0,rdfs:Class -> rdf:contains24 -> rdfs:Class
shape_000050,rdfs:Class,http://www.w3.org/2000/01/rdf-schema#Class,rdf:containsNplus1,http://rdf.rhea-db.org/containsNplus1,rdfs:Class,http://www.w3.org/2000/01/rdf-schema#Class,210946,5,5,0.0,0.0,rdfs:Class -> rdf:containsNplus1 -> rdfs:Class
shape_000036,rdfs:Class,http://www.w3.org/2000/01/rdf-schema#Class,rdf:chebi,http://rdf.rhea-db.org/chebi,Resource,Resource,210946,1,1,0.0,0.0,rdfs:Class -> rdf:chebi -> Resource
shape_000037,owl:Class,http://www.w3.org/2002/07/owl#Class,rdf:chebi,http://rdf.rhea-db.org/chebi,Resource,Resource,215518,1,1,0.0,0.0,owl:Class -> rdf:chebi -> Resource
shape_000010,rdfs:Class,http://www.w3.org/2000/01/rdf-schema#Class,rdf:contains14,http://rdf.rhea-db.org/contains14,rdfs:Class,http://www.w3.org/2000/01/rdf-schema#Class,210946,2,2,0.0,0.0,rdfs:Class -> rdf:contains14 -> rdfs:Class
shape_000005,rdfs:Class,http://www.w3.org/2000/01/rdf-schema#Class,rdf:contains26,http://rdf.rhea-db.org/contains26,rdfs:Class,http://www.w3.org/2000/01/rdf-schema#Class,210946,1,1,0.0,0.0,rdfs:Class -> rdf:contains26 -> rdfs:Class
shape_000021,rdfs:Class,http://www.w3.org/2000/01/rdf-schema#Class,rdf:contains2n,http://rdf.rhea-db.org/contains2n,rdfs:Class,http://www.w3.org/2000/01/rdf-schema#Class,210946,8,8,0.0,0.0,rdfs:Class -> rdf:contains2n -> rdfs:Class
shape_000027,rdfs:Class,http://www.w3.org/2000/01/rdf-schema#Class,rdf:contains28,http://rdf.rhea-db.org/contains28,rdfs:Class,http://www.w3.org/2000/01/rdf-schema#Class,210946,2,2,0.0,0.0,rdfs:Class -> rdf:contains28 -> rdfs:Class
shape_000073,rdfs:Class,http://www.w3.org/2000/01/rdf-schema#Class,rdf:underlyingChebi,http://rdf.rhea-db.org/underlyingChebi,Resource,Resource,210946,0,0,0.0,0.0,rdfs:Class -> rdf:underlyingChebi -> Resource
shape_000117,owl:Ontology,http://www.w3.org/2002/07/owl#Ontology,sh:declare,http://www.w3.org/ns/shacl#declare,Resource,Resource,1,0,0,0.0,0.0,owl:Ontology -> sh:declare -> Resource
