shape_id,subject_class,subject_uri,property,property_uri,object_class,object_uri,total_entities,occurrence_count,coverage_ratio,coverage_percent,shape_pattern
shape_000000,owl:OntologyProperty,http://www.w3.org/2002/07/owl#OntologyProperty,rdfs:range,http://www.w3.org/2000/01/rdf-schema#range,rdfs:Class,http://www.w3.org/2000/01/rdf-schema#Class,0,0,0.0,0.0,owl:OntologyProperty -> rdfs:range -> rdfs:Class
shape_000001,rdf:Property,http://www.w3.org/1999/02/22-rdf-syntax-ns#Property,rdfs:range,http://www.w3.org/2000/01/rdf-schema#range,owl:Class,http://www.w3.org/2002/07/owl#Class,0,0,0.0,0.0,rdf:Property -> rdfs:range -> owl:Class
shape_000002,rdf:Property,http://www.w3.org/1999/02/22-rdf-syntax-ns#Property,rdfs:range,http://www.w3.org/2000/01/rdf-schema#range,rdfs:Class,http://www.w3.org/2000/01/rdf-schema#Class,0,0,0.0,0.0,rdf:Property -> rdfs:range -> rdfs:Class
shape_000003,owl:ObjectProperty,http://www.w3.org/2002/07/owl#ObjectProperty,rdfs:range,http://www.w3.org/2000/01/rdf-schema#range,owl:Class,http://www.w3.org/2002/07/owl#Class,0,0,0.0,0.0,owl:ObjectProperty -> rdfs:range -> owl:Class
shape_000004,owl:AnnotationProperty,http://www.w3.org/2002/07/owl#AnnotationProperty,rdfs:range,http://www.w3.org/2000/01/rdf-schema#range,owl:Class,http://www.w3.org/2002/07/owl#Class,0,0,0.0,0.0,owl:AnnotationProperty -> rdfs:range -> owl:Class
shape_000005,owl:SymmetricProperty,http://www.w3.org/2002/07/owl#SymmetricProperty,rdfs:range,http://www.w3.org/2000/01/rdf-schema#range,owl:Class,http://www.w3.org/2002/07/owl#Class,0,0,0.0,0.0,owl:SymmetricProperty -> rdfs:range -> owl:Class
shape_000006,owl:DatatypeProperty,http://www.w3.org/2002/07/owl#DatatypeProperty,rdfs:range,http://www.w3.org/2000/01/rdf-schema#range,Resource,Resource,0,0,0.0,0.0,owl:DatatypeProperty -> rdfs:range -> Resource
shape_000007,owl:OntologyProperty,http://www.w3.org/2002/07/owl#OntologyProperty,rdfs:domain,http://www.w3.org/2000/01/rdf-schema#domain,rdfs:Class,http://www.w3.org/2000/01/rdf-schema#Class,0,0,0.0,0.0,owl:OntologyProperty -> rdfs:domain -> rdfs:Class
shape_000008,rdf:Property,http://www.w3.org/1999/02/22-rdf-syntax-ns#Property,rdfs:domain,http://www.w3.org/2000/01/rdf-schema#domain,owl:Class,http://www.w3.org/2002/07/owl#Class,0,0,0.0,0.0,rdf:Property -> rdfs:domain -> owl:Class
shape_000009,rdf:Property,http://www.w3.org/1999/02/22-rdf-syntax-ns#Property,rdfs:domain,http://www.w3.org/2000/01/rdf-schema#domain,rdfs:Class,http://www.w3.org/2000/01/rdf-schema#Class,0,0,0.0,0.0,rdf:Property -> rdfs:domain -> rdfs:Class
shape_000010,owl:ObjectProperty,http://www.w3.org/2002/07/owl#ObjectProperty,rdfs:domain,http://www.w3.org/2000/01/rdf-schema#domain,owl:Class,http://www.w3.org/2002/07/owl#Class,0,0,0.0,0.0,owl:ObjectProperty -> rdfs:domain -> owl:Class
shape_000011,owl:AnnotationProperty,http://www.w3.org/2002/07/owl#AnnotationProperty,rdfs:domain,http://www.w3.org/2000/01/rdf-schema#domain,owl:Class,http://www.w3.org/2002/07/owl#Class,0,0,0.0,0.0,owl:AnnotationProperty -> rdfs:domain -> owl:Class
shape_000012,owl:FunctionalProperty,http://www.w3.org/2002/07/owl#FunctionalProperty,rdfs:domain,http://www.w3.org/2000/01/rdf-schema#domain,owl:Class,http://www.w3.org/2002/07/owl#Class,0,0,0.0,0.0,owl:FunctionalProperty -> rdfs:domain -> owl:Class
shape_000013,owl:DatatypeProperty,http://www.w3.org/2002/07/owl#DatatypeProperty,rdfs:domain,http://www.w3.org/2000/01/rdf-schema#domain,owl:Class,http://www.w3.org/2002/07/owl#Class,0,0,0.0,0.0,owl:DatatypeProperty -> rdfs:domain -> owl:Class
shape_000014,owl:SymmetricProperty,http://www.w3.org/2002/07/owl#SymmetricProperty,rdfs:domain,http://www.w3.org/2000/01/rdf-schema#domain,owl:Class,http://www.w3.org/2002/07/owl#Class,0,0,0.0,0.0,owl:SymmetricProperty -> rdfs:domain -> owl:Class
shape_000015,owl:Class,http://www.w3.org/2002/07/owl#Class,owl:complementOf,http://www.w3.org/2002/07/owl#complementOf,owl:Class,http://www.w3.org/2002/07/owl#Class,0,0,0.0,0.0,owl:Class -> owl:complementOf -> owl:Class
shape_000016,rdfs:Class,http://www.w3.org/2000/01/rdf-schema#Class,rdfs:subClassOf,http://www.w3.org/2000/01/rdf-schema#subClassOf,rdfs:Class,http://www.w3.org/2000/01/rdf-schema#Class,0,0,0.0,0.0,rdfs:Class -> rdfs:subClassOf -> rdfs:Class
shape_000017,owl:Class,http://www.w3.org/2002/07/owl#Class,rdfs:subClassOf,http://www.w3.org/2000/01/rdf-schema#subClassOf,owl:Class,http://www.w3.org/2002/07/owl#Class,0,0,0.0,0.0,owl:Class -> rdfs:subClassOf -> owl:Class
shape_000018,owl:Class,http://www.w3.org/2002/07/owl#Class,rdfs:subClassOf,http://www.w3.org/2000/01/rdf-schema#subClassOf,owl:Restriction,http://www.w3.org/2002/07/owl#Restriction,0,0,0.0,0.0,owl:Class -> rdfs:subClassOf -> owl:Restriction
shape_000019,orth:OrthologsCluster,http://purl.org/net/orth#OrthologsCluster,orth:hasTaxonomicRange,http://purl.org/net/orth#hasTaxonomicRange,uniprot.core:Taxon,http://purl.uniprot.org/core/Taxon,0,0,0.0,0.0,orth:OrthologsCluster -> orth:hasTaxonomicRange -> uniprot.core:Taxon
shape_000020,orth:OrthologsCluster,http://purl.org/net/orth#OrthologsCluster,orth:hasTaxonomicRange,http://purl.org/net/orth#hasTaxonomicRange,orth:TaxonomicRange,http://purl.org/net/orth#TaxonomicRange,0,0,0.0,0.0,orth:OrthologsCluster -> orth:hasTaxonomicRange -> orth:TaxonomicRange
shape_000021,orth:OrthologsCluster,http://purl.org/net/orth#OrthologsCluster,orth:hasHomologousMember,http://purl.org/net/orth#hasHomologousMember,orth:OrthologsCluster,http://purl.org/net/orth#OrthologsCluster,0,0,0.0,0.0,orth:OrthologsCluster -> orth:hasHomologousMember -> orth:OrthologsCluster
shape_000022,orth:OrthologsCluster,http://purl.org/net/orth#OrthologsCluster,orth:hasHomologousMember,http://purl.org/net/orth#hasHomologousMember,orth:ParalogsCluster,http://purl.org/net/orth#ParalogsCluster,0,0,0.0,0.0,orth:OrthologsCluster -> orth:hasHomologousMember -> orth:ParalogsCluster
shape_000023,orth:OrthologsCluster,http://purl.org/net/orth#OrthologsCluster,orth:hasHomologousMember,http://purl.org/net/orth#hasHomologousMember,orth:Protein,http://purl.org/net/orth#Protein,0,0,0.0,0.0,orth:OrthologsCluster -> orth:hasHomologousMember -> orth:Protein
shape_000024,orth:ParalogsCluster,http://purl.org/net/orth#ParalogsCluster,orth:hasHomologousMember,http://purl.org/net/orth#hasHomologousMember,orth:OrthologsCluster,http://purl.org/net/orth#OrthologsCluster,0,0,0.0,0.0,orth:ParalogsCluster -> orth:hasHomologousMember -> orth:OrthologsCluster
shape_000025,orth:OrthologsCluster,http://purl.org/net/orth#OrthologsCluster,orth:inDataset,http://purl.org/net/orth#inDataset,orth:OrthologyDataset,http://purl.org/net/orth#OrthologyDataset,0,0,0.0,0.0,orth:OrthologsCluster -> orth:inDataset -> orth:OrthologyDataset
shape_000026,orth:ParalogsCluster,http://purl.org/net/orth#ParalogsCluster,orth:inDataset,http://purl.org/net/orth#inDataset,orth:OrthologyDataset,http://purl.org/net/orth#OrthologyDataset,0,0,0.0,0.0,orth:ParalogsCluster -> orth:inDataset -> orth:OrthologyDataset
shape_000027,orth:Protein,http://purl.org/net/orth#Protein,lscr:xrefUniprot,http://purl.org/lscr#xrefUniprot,uniprot.core:Protein,http://purl.uniprot.org/core/Protein,0,0,0.0,0.0,orth:Protein -> lscr:xrefUniprot -> uniprot.core:Protein
shape_000028,orth:Protein,http://purl.org/net/orth#Protein,orth:organism,http://purl.org/net/orth#organism,orth:Organism,http://purl.org/net/orth#Organism,0,0,0.0,0.0,orth:Protein -> orth:organism -> orth:Organism
shape_000029,orth:Gene,http://purl.org/net/orth#Gene,orth:organism,http://purl.org/net/orth#organism,orth:Organism,http://purl.org/net/orth#Organism,0,0,0.0,0.0,orth:Gene -> orth:organism -> orth:Organism
shape_000030,so:0000704,http://purl.obolibrary.org/obo/SO_0000704,orth:organism,http://purl.org/net/orth#organism,orth:Organism,http://purl.org/net/orth#Organism,0,0,0.0,0.0,so:0000704 -> orth:organism -> orth:Organism
shape_000031,orth:Protein,http://purl.org/net/orth#Protein,ro:0001018,http://purl.obolibrary.org/obo/RO_0001018,sio:000750,http://semanticscience.org/resource/SIO_000750,0,0,0.0,0.0,orth:Protein -> ro:0001018 -> sio:000750
shape_000032,orth:Protein,http://purl.org/net/orth#Protein,lscr:xrefEnsemblProtein,http://purl.org/lscr#xrefEnsemblProtein,ensembl:protein,http://rdf.ebi.ac.uk/resource/ensembl/protein,0,0,0.0,0.0,orth:Protein -> lscr:xrefEnsemblProtein -> ensembl:protein
shape_000033,orth:Protein,http://purl.org/net/orth#Protein,lscr:xrefEnsemblTranscript,http://purl.org/lscr#xrefEnsemblTranscript,so:0000673,http://purl.obolibrary.org/obo/SO_0000673,0,0,0.0,0.0,orth:Protein -> lscr:xrefEnsemblTranscript -> so:0000673
shape_000034,orth:Protein,http://purl.org/net/orth#Protein,sio:010079,http://semanticscience.org/resource/SIO_010079,orth:Gene,http://purl.org/net/orth#Gene,0,0,0.0,0.0,orth:Protein -> sio:010079 -> orth:Gene
shape_000035,orth:Protein,http://purl.org/net/orth#Protein,sio:010079,http://semanticscience.org/resource/SIO_010079,so:0000704,http://purl.obolibrary.org/obo/SO_0000704,0,0,0.0,0.0,orth:Protein -> sio:010079 -> so:0000704
shape_000036,orth:Protein,http://purl.org/net/orth#Protein,lscr:xrefSwissProt,http://purl.org/lscr#xrefSwissProt,uniprot.core:Protein,http://purl.uniprot.org/core/Protein,0,0,0.0,0.0,orth:Protein -> lscr:xrefSwissProt -> uniprot.core:Protein
shape_000037,owl:ObjectProperty,http://www.w3.org/2002/07/owl#ObjectProperty,owl:inverseOf,http://www.w3.org/2002/07/owl#inverseOf,owl:ObjectProperty,http://www.w3.org/2002/07/owl#ObjectProperty,0,0,0.0,0.0,owl:ObjectProperty -> owl:inverseOf -> owl:ObjectProperty
shape_000038,owl:ObjectProperty,http://www.w3.org/2002/07/owl#ObjectProperty,rdfs:subPropertyOf,http://www.w3.org/2000/01/rdf-schema#subPropertyOf,owl:ReflexiveProperty,http://www.w3.org/2002/07/owl#ReflexiveProperty,0,0,0.0,0.0,owl:ObjectProperty -> rdfs:subPropertyOf -> owl:ReflexiveProperty
shape_000039,owl:ObjectProperty,http://www.w3.org/2002/07/owl#ObjectProperty,rdfs:subPropertyOf,http://www.w3.org/2000/01/rdf-schema#subPropertyOf,owl:TransitiveProperty,http://www.w3.org/2002/07/owl#TransitiveProperty,0,0,0.0,0.0,owl:ObjectProperty -> rdfs:subPropertyOf -> owl:TransitiveProperty
shape_000040,owl:ObjectProperty,http://www.w3.org/2002/07/owl#ObjectProperty,rdfs:subPropertyOf,http://www.w3.org/2000/01/rdf-schema#subPropertyOf,owl:ObjectProperty,http://www.w3.org/2002/07/owl#ObjectProperty,0,0,0.0,0.0,owl:ObjectProperty -> rdfs:subPropertyOf -> owl:ObjectProperty
shape_000041,owl:ObjectProperty,http://www.w3.org/2002/07/owl#ObjectProperty,rdfs:subPropertyOf,http://www.w3.org/2000/01/rdf-schema#subPropertyOf,owl:SymmetricProperty,http://www.w3.org/2002/07/owl#SymmetricProperty,0,0,0.0,0.0,owl:ObjectProperty -> rdfs:subPropertyOf -> owl:SymmetricProperty
shape_000042,owl:AnnotationProperty,http://www.w3.org/2002/07/owl#AnnotationProperty,rdfs:subPropertyOf,http://www.w3.org/2000/01/rdf-schema#subPropertyOf,owl:AnnotationProperty,http://www.w3.org/2002/07/owl#AnnotationProperty,0,0,0.0,0.0,owl:AnnotationProperty -> rdfs:subPropertyOf -> owl:AnnotationProperty
shape_000043,owl:DatatypeProperty,http://www.w3.org/2002/07/owl#DatatypeProperty,rdfs:subPropertyOf,http://www.w3.org/2000/01/rdf-schema#subPropertyOf,owl:DatatypeProperty,http://www.w3.org/2002/07/owl#DatatypeProperty,0,0,0.0,0.0,owl:DatatypeProperty -> rdfs:subPropertyOf -> owl:DatatypeProperty
shape_000044,owl:SymmetricProperty,http://www.w3.org/2002/07/owl#SymmetricProperty,rdfs:subPropertyOf,http://www.w3.org/2000/01/rdf-schema#subPropertyOf,owl:ObjectProperty,http://www.w3.org/2002/07/owl#ObjectProperty,0,0,0.0,0.0,owl:SymmetricProperty -> rdfs:subPropertyOf -> owl:ObjectProperty
shape_000045,owl:SymmetricProperty,http://www.w3.org/2002/07/owl#SymmetricProperty,rdfs:subPropertyOf,http://www.w3.org/2000/01/rdf-schema#subPropertyOf,owl:SymmetricProperty,http://www.w3.org/2002/07/owl#SymmetricProperty,0,0,0.0,0.0,owl:SymmetricProperty -> rdfs:subPropertyOf -> owl:SymmetricProperty
shape_000046,rdf:Property,http://www.w3.org/1999/02/22-rdf-syntax-ns#Property,rdfs:subPropertyOf,http://www.w3.org/2000/01/rdf-schema#subPropertyOf,Resource,Resource,0,0,0.0,0.0,rdf:Property -> rdfs:subPropertyOf -> Resource
shape_000047,uniprot.core:Taxon,http://purl.uniprot.org/core/Taxon,uniprot.core:rank,http://purl.uniprot.org/core/rank,uniprot.core:Rank,http://purl.uniprot.org/core/Rank,0,0,0.0,0.0,uniprot.core:Taxon -> uniprot.core:rank -> uniprot.core:Rank
shape_000048,uniprot.core:Taxon,http://purl.uniprot.org/core/Taxon,uniprot.core:rank,http://purl.uniprot.org/core/rank,owl:NamedIndividual,http://www.w3.org/2002/07/owl#NamedIndividual,0,0,0.0,0.0,uniprot.core:Taxon -> uniprot.core:rank -> owl:NamedIndividual
shape_000049,orth:TaxonomicRange,http://purl.org/net/orth#TaxonomicRange,uniprot.core:rank,http://purl.uniprot.org/core/rank,uniprot.core:Rank,http://purl.uniprot.org/core/Rank,0,0,0.0,0.0,orth:TaxonomicRange -> uniprot.core:rank -> uniprot.core:Rank
shape_000050,orth:TaxonomicRange,http://purl.org/net/orth#TaxonomicRange,uniprot.core:rank,http://purl.uniprot.org/core/rank,owl:NamedIndividual,http://www.w3.org/2002/07/owl#NamedIndividual,0,0,0.0,0.0,orth:TaxonomicRange -> uniprot.core:rank -> owl:NamedIndividual
shape_000051,owl:Class,http://www.w3.org/2002/07/owl#Class,owl:disjointWith,http://www.w3.org/2002/07/owl#disjointWith,owl:Class,http://www.w3.org/2002/07/owl#Class,0,0,0.0,0.0,owl:Class -> owl:disjointWith -> owl:Class
shape_000052,owl:Class,http://www.w3.org/2002/07/owl#Class,owl:equivalentClass,http://www.w3.org/2002/07/owl#equivalentClass,owl:Class,http://www.w3.org/2002/07/owl#Class,0,0,0.0,0.0,owl:Class -> owl:equivalentClass -> owl:Class
shape_000053,owl:Class,http://www.w3.org/2002/07/owl#Class,owl:equivalentClass,http://www.w3.org/2002/07/owl#equivalentClass,owl:Restriction,http://www.w3.org/2002/07/owl#Restriction,0,0,0.0,0.0,owl:Class -> owl:equivalentClass -> owl:Restriction
shape_000054,orth:HierarchicalGeneTree,http://purl.org/net/orth#HierarchicalGeneTree,cdao:0000148,http://purl.obolibrary.org/obo/CDAO_0000148,orth:OrthologsCluster,http://purl.org/net/orth#OrthologsCluster,0,0,0.0,0.0,orth:HierarchicalGeneTree -> cdao:0000148 -> orth:OrthologsCluster
shape_000055,owl:Restriction,http://www.w3.org/2002/07/owl#Restriction,owl:onProperty,http://www.w3.org/2002/07/owl#onProperty,owl:ObjectProperty,http://www.w3.org/2002/07/owl#ObjectProperty,0,0,0.0,0.0,owl:Restriction -> owl:onProperty -> owl:ObjectProperty
shape_000056,owl:Restriction,http://www.w3.org/2002/07/owl#Restriction,owl:onProperty,http://www.w3.org/2002/07/owl#onProperty,owl:DatatypeProperty,http://www.w3.org/2002/07/owl#DatatypeProperty,0,0,0.0,0.0,owl:Restriction -> owl:onProperty -> owl:DatatypeProperty
shape_000057,owl:Restriction,http://www.w3.org/2002/07/owl#Restriction,owl:onClass,http://www.w3.org/2002/07/owl#onClass,owl:Class,http://www.w3.org/2002/07/owl#Class,0,0,0.0,0.0,owl:Restriction -> owl:onClass -> owl:Class
shape_000058,owl:Restriction,http://www.w3.org/2002/07/owl#Restriction,owl:allValuesFrom,http://www.w3.org/2002/07/owl#allValuesFrom,owl:Class,http://www.w3.org/2002/07/owl#Class,0,0,0.0,0.0,owl:Restriction -> owl:allValuesFrom -> owl:Class
shape_000059,owl:Restriction,http://www.w3.org/2002/07/owl#Restriction,owl:someValuesFrom,http://www.w3.org/2002/07/owl#someValuesFrom,owl:Class,http://www.w3.org/2002/07/owl#Class,0,0,0.0,0.0,owl:Restriction -> owl:someValuesFrom -> owl:Class
shape_000060,orth:Organism,http://purl.org/net/orth#Organism,ro:0002162,http://purl.obolibrary.org/obo/RO_0002162,uniprot.core:Taxon,http://purl.uniprot.org/core/Taxon,0,0,0.0,0.0,orth:Organism -> ro:0002162 -> uniprot.core:Taxon
shape_000061,orth:Organism,http://purl.org/net/orth#Organism,ro:0002162,http://purl.obolibrary.org/obo/RO_0002162,orth:TaxonomicRange,http://purl.org/net/orth#TaxonomicRange,0,0,0.0,0.0,orth:Organism -> ro:0002162 -> orth:TaxonomicRange
shape_000062,owl:Ontology,http://www.w3.org/2002/07/owl#Ontology,owl:versionInfo,http://www.w3.org/2002/07/owl#versionInfo,Literal,Literal,0,0,0.0,0.0,owl:Ontology -> owl:versionInfo -> Literal
shape_000063,owl:Ontology,http://www.w3.org/2002/07/owl#Ontology,owl:versionInfo,http://www.w3.org/2002/07/owl#versionInfo,Resource,Resource,0,0,0.0,0.0,owl:Ontology -> owl:versionInfo -> Resource
shape_000064,owl:OntologyProperty,http://www.w3.org/2002/07/owl#OntologyProperty,rdfs:label,http://www.w3.org/2000/01/rdf-schema#label,Literal,Literal,0,0,0.0,0.0,owl:OntologyProperty -> rdfs:label -> Literal
shape_000065,owl:AnnotationProperty,http://www.w3.org/2002/07/owl#AnnotationProperty,rdfs:label,http://www.w3.org/2000/01/rdf-schema#label,Literal,Literal,0,0,0.0,0.0,owl:AnnotationProperty -> rdfs:label -> Literal
shape_000066,owl:Class,http://www.w3.org/2002/07/owl#Class,rdfs:label,http://www.w3.org/2000/01/rdf-schema#label,Literal,Literal,0,0,0.0,0.0,owl:Class -> rdfs:label -> Literal
shape_000067,rdf:Property,http://www.w3.org/1999/02/22-rdf-syntax-ns#Property,rdfs:label,http://www.w3.org/2000/01/rdf-schema#label,Literal,Literal,0,0,0.0,0.0,rdf:Property -> rdfs:label -> Literal
shape_000068,rdfs:Class,http://www.w3.org/2000/01/rdf-schema#Class,rdfs:label,http://www.w3.org/2000/01/rdf-schema#label,Literal,Literal,0,0,0.0,0.0,rdfs:Class -> rdfs:label -> Literal
shape_000069,orth:Protein,http://purl.org/net/orth#Protein,rdfs:label,http://www.w3.org/2000/01/rdf-schema#label,Literal,Literal,0,0,0.0,0.0,orth:Protein -> rdfs:label -> Literal
shape_000070,owl:ObjectProperty,http://www.w3.org/2002/07/owl#ObjectProperty,rdfs:label,http://www.w3.org/2000/01/rdf-schema#label,Literal,Literal,0,0,0.0,0.0,owl:ObjectProperty -> rdfs:label -> Literal
shape_000071,uniprot.core:Rank,http://purl.uniprot.org/core/Rank,rdfs:label,http://www.w3.org/2000/01/rdf-schema#label,Literal,Literal,0,0,0.0,0.0,uniprot.core:Rank -> rdfs:label -> Literal
shape_000072,owl:DatatypeProperty,http://www.w3.org/2002/07/owl#DatatypeProperty,rdfs:label,http://www.w3.org/2000/01/rdf-schema#label,Literal,Literal,0,0,0.0,0.0,owl:DatatypeProperty -> rdfs:label -> Literal
shape_000073,owl:NamedIndividual,http://www.w3.org/2002/07/owl#NamedIndividual,rdfs:label,http://www.w3.org/2000/01/rdf-schema#label,Literal,Literal,0,0,0.0,0.0,owl:NamedIndividual -> rdfs:label -> Literal
shape_000074,owl:ReflexiveProperty,http://www.w3.org/2002/07/owl#ReflexiveProperty,rdfs:label,http://www.w3.org/2000/01/rdf-schema#label,Resource,Resource,0,0,0.0,0.0,owl:ReflexiveProperty -> rdfs:label -> Resource
shape_000075,owl:TransitiveProperty,http://www.w3.org/2002/07/owl#TransitiveProperty,rdfs:label,http://www.w3.org/2000/01/rdf-schema#label,Resource,Resource,0,0,0.0,0.0,owl:TransitiveProperty -> rdfs:label -> Resource
shape_000076,owl:AnnotationProperty,http://www.w3.org/2002/07/owl#AnnotationProperty,rdfs:label,http://www.w3.org/2000/01/rdf-schema#label,Resource,Resource,0,0,0.0,0.0,owl:AnnotationProperty -> rdfs:label -> Resource
shape_000077,owl:FunctionalProperty,http://www.w3.org/2002/07/owl#FunctionalProperty,rdfs:label,http://www.w3.org/2000/01/rdf-schema#label,Resource,Resource,0,0,0.0,0.0,owl:FunctionalProperty -> rdfs:label -> Resource
shape_000078,owl:SymmetricProperty,http://www.w3.org/2002/07/owl#SymmetricProperty,rdfs:label,http://www.w3.org/2000/01/rdf-schema#label,Resource,Resource,0,0,0.0,0.0,owl:SymmetricProperty -> rdfs:label -> Resource
shape_000079,owl:Ontology,http://www.w3.org/2002/07/owl#Ontology,rdfs:comment,http://www.w3.org/2000/01/rdf-schema#comment,Literal,Literal,0,0,0.0,0.0,owl:Ontology -> rdfs:comment -> Literal
shape_000080,orth:Protein,http://purl.org/net/orth#Protein,rdfs:comment,http://www.w3.org/2000/01/rdf-schema#comment,Literal,Literal,0,0,0.0,0.0,orth:Protein -> rdfs:comment -> Literal
shape_000081,owl:ObjectProperty,http://www.w3.org/2002/07/owl#ObjectProperty,rdfs:comment,http://www.w3.org/2000/01/rdf-schema#comment,Literal,Literal,0,0,0.0,0.0,owl:ObjectProperty -> rdfs:comment -> Literal
shape_000082,owl:Class,http://www.w3.org/2002/07/owl#Class,rdfs:comment,http://www.w3.org/2000/01/rdf-schema#comment,Literal,Literal,0,0,0.0,0.0,owl:Class -> rdfs:comment -> Literal
shape_000083,sio:000750,http://semanticscience.org/resource/SIO_000750,rdfs:comment,http://www.w3.org/2000/01/rdf-schema#comment,Literal,Literal,0,0,0.0,0.0,sio:000750 -> rdfs:comment -> Literal
shape_000084,owl:FunctionalProperty,http://www.w3.org/2002/07/owl#FunctionalProperty,rdfs:comment,http://www.w3.org/2000/01/rdf-schema#comment,Literal,Literal,0,0,0.0,0.0,owl:FunctionalProperty -> rdfs:comment -> Literal
shape_000085,owl:DatatypeProperty,http://www.w3.org/2002/07/owl#DatatypeProperty,rdfs:comment,http://www.w3.org/2000/01/rdf-schema#comment,Literal,Literal,0,0,0.0,0.0,owl:DatatypeProperty -> rdfs:comment -> Literal
shape_000086,sh:SPARQLExecutable,http://www.w3.org/ns/shacl#SPARQLExecutable,rdfs:comment,http://www.w3.org/2000/01/rdf-schema#comment,Resource,Resource,0,0,0.0,0.0,sh:SPARQLExecutable -> rdfs:comment -> Resource
shape_000087,sh:SPARQLSelectExecutable,http://www.w3.org/ns/shacl#SPARQLSelectExecutable,rdfs:comment,http://www.w3.org/2000/01/rdf-schema#comment,Resource,Resource,0,0,0.0,0.0,sh:SPARQLSelectExecutable -> rdfs:comment -> Resource
shape_000088,owl:ReflexiveProperty,http://www.w3.org/2002/07/owl#ReflexiveProperty,rdfs:comment,http://www.w3.org/2000/01/rdf-schema#comment,Resource,Resource,0,0,0.0,0.0,owl:ReflexiveProperty -> rdfs:comment -> Resource
shape_000089,owl:TransitiveProperty,http://www.w3.org/2002/07/owl#TransitiveProperty,rdfs:comment,http://www.w3.org/2000/01/rdf-schema#comment,Resource,Resource,0,0,0.0,0.0,owl:TransitiveProperty -> rdfs:comment -> Resource
shape_000090,owl:AnnotationProperty,http://www.w3.org/2002/07/owl#AnnotationProperty,rdfs:comment,http://www.w3.org/2000/01/rdf-schema#comment,Resource,Resource,0,0,0.0,0.0,owl:AnnotationProperty -> rdfs:comment -> Resource
shape_000091,owl:SymmetricProperty,http://www.w3.org/2002/07/owl#SymmetricProperty,rdfs:comment,http://www.w3.org/2000/01/rdf-schema#comment,Resource,Resource,0,0,0.0,0.0,owl:SymmetricProperty -> rdfs:comment -> Resource
shape_000092,sh:SPARQLExecutable,http://www.w3.org/ns/shacl#SPARQLExecutable,sh:select,http://www.w3.org/ns/shacl#select,Literal,Literal,0,0,0.0,0.0,sh:SPARQLExecutable -> sh:select -> Literal
shape_000093,sh:SPARQLSelectExecutable,http://www.w3.org/ns/shacl#SPARQLSelectExecutable,sh:select,http://www.w3.org/ns/shacl#select,Literal,Literal,0,0,0.0,0.0,sh:SPARQLSelectExecutable -> sh:select -> Literal
shape_000094,owl:Restriction,http://www.w3.org/2002/07/owl#Restriction,owl:qualifiedCardinality,http://www.w3.org/2002/07/owl#qualifiedCardinality,Literal,Literal,0,0,0.0,0.0,owl:Restriction -> owl:qualifiedCardinality -> Literal
shape_000095,owl:Restriction,http://www.w3.org/2002/07/owl#Restriction,owl:maxQualifiedCardinality,http://www.w3.org/2002/07/owl#maxQualifiedCardinality,Literal,Literal,0,0,0.0,0.0,owl:Restriction -> owl:maxQualifiedCardinality -> Literal
shape_000096,uniprot.core:Taxon,http://purl.uniprot.org/core/Taxon,orth:taxRangeId,http://purl.org/net/orth#taxRangeId,Literal,Literal,0,0,0.0,0.0,uniprot.core:Taxon -> orth:taxRangeId -> Literal
shape_000097,orth:TaxonomicRange,http://purl.org/net/orth#TaxonomicRange,orth:taxRangeId,http://purl.org/net/orth#taxRangeId,Literal,Literal,0,0,0.0,0.0,orth:TaxonomicRange -> orth:taxRangeId -> Literal
shape_000098,owl:Restriction,http://www.w3.org/2002/07/owl#Restriction,owl:hasValue,http://www.w3.org/2002/07/owl#hasValue,Literal,Literal,0,0,0.0,0.0,owl:Restriction -> owl:hasValue -> Literal
shape_000099,orth:OrthologyDataset,http://purl.org/net/orth#OrthologyDataset,pav:version,http://purl.org/pav/version,Literal,Literal,0,0,0.0,0.0,orth:OrthologyDataset -> pav:version -> Literal
shape_000100,sio:000750,http://semanticscience.org/resource/SIO_000750,pav:version,http://purl.org/pav/version,Literal,Literal,0,0,0.0,0.0,sio:000750 -> pav:version -> Literal
shape_000101,uniprot.core:Taxon,http://purl.uniprot.org/core/Taxon,uniprot.core:mnemonic,http://purl.uniprot.org/core/mnemonic,Literal,Literal,0,0,0.0,0.0,uniprot.core:Taxon -> uniprot.core:mnemonic -> Literal
shape_000102,orth:TaxonomicRange,http://purl.org/net/orth#TaxonomicRange,uniprot.core:mnemonic,http://purl.uniprot.org/core/mnemonic,Literal,Literal,0,0,0.0,0.0,orth:TaxonomicRange -> uniprot.core:mnemonic -> Literal
shape_000103,owl:Class,http://www.w3.org/2002/07/owl#Class,rdfs:seeAlso,http://www.w3.org/2000/01/rdf-schema#seeAlso,Literal,Literal,0,0,0.0,0.0,owl:Class -> rdfs:seeAlso -> Literal
shape_000104,owl:DatatypeProperty,http://www.w3.org/2002/07/owl#DatatypeProperty,rdfs:seeAlso,http://www.w3.org/2000/01/rdf-schema#seeAlso,Literal,Literal,0,0,0.0,0.0,owl:DatatypeProperty -> rdfs:seeAlso -> Literal
shape_000105,orth:Protein,http://purl.org/net/orth#Protein,rdfs:seeAlso,http://www.w3.org/2000/01/rdf-schema#seeAlso,Resource,Resource,0,0,0.0,0.0,orth:Protein -> rdfs:seeAlso -> Resource
shape_000106,orth:OrthologsCluster,http://purl.org/net/orth#OrthologsCluster,dcterms:identifier,http://purl.org/dc/terms/identifier,Literal,Literal,0,0,0.0,0.0,orth:OrthologsCluster -> dcterms:identifier -> Literal
shape_000107,orth:Protein,http://purl.org/net/orth#Protein,dcterms:identifier,http://purl.org/dc/terms/identifier,Literal,Literal,0,0,0.0,0.0,orth:Protein -> dcterms:identifier -> Literal
shape_000108,orth:HierarchicalGeneTree,http://purl.org/net/orth#HierarchicalGeneTree,dcterms:identifier,http://purl.org/dc/terms/identifier,Literal,Literal,0,0,0.0,0.0,orth:HierarchicalGeneTree -> dcterms:identifier -> Literal
shape_000109,uniprot.core:Protein,http://purl.uniprot.org/core/Protein,dcterms:identifier,http://purl.org/dc/terms/identifier,Literal,Literal,0,0,0.0,0.0,uniprot.core:Protein -> dcterms:identifier -> Literal
shape_000110,orth:Gene,http://purl.org/net/orth#Gene,dcterms:identifier,http://purl.org/dc/terms/identifier,Literal,Literal,0,0,0.0,0.0,orth:Gene -> dcterms:identifier -> Literal
shape_000111,ensembl:protein,http://rdf.ebi.ac.uk/resource/ensembl/protein,dcterms:identifier,http://purl.org/dc/terms/identifier,Literal,Literal,0,0,0.0,0.0,ensembl:protein -> dcterms:identifier -> Literal
shape_000112,so:0000673,http://purl.obolibrary.org/obo/SO_0000673,dcterms:identifier,http://purl.org/dc/terms/identifier,Literal,Literal,0,0,0.0,0.0,so:0000673 -> dcterms:identifier -> Literal
shape_000113,uniprot.core:Taxon,http://purl.uniprot.org/core/Taxon,orth:taxRange,http://purl.org/net/orth#taxRange,Literal,Literal,0,0,0.0,0.0,uniprot.core:Taxon -> orth:taxRange -> Literal
shape_000114,orth:TaxonomicRange,http://purl.org/net/orth#TaxonomicRange,orth:taxRange,http://purl.org/net/orth#taxRange,Literal,Literal,0,0,0.0,0.0,orth:TaxonomicRange -> orth:taxRange -> Literal
shape_000115,uniprot.core:Taxon,http://purl.uniprot.org/core/Taxon,uniprot.core:scientificName,http://purl.uniprot.org/core/scientificName,Literal,Literal,0,0,0.0,0.0,uniprot.core:Taxon -> uniprot.core:scientificName -> Literal
shape_000116,orth:TaxonomicRange,http://purl.org/net/orth#TaxonomicRange,uniprot.core:scientificName,http://purl.uniprot.org/core/scientificName,Literal,Literal,0,0,0.0,0.0,orth:TaxonomicRange -> uniprot.core:scientificName -> Literal
shape_000117,owl:ReflexiveProperty,http://www.w3.org/2002/07/owl#ReflexiveProperty,rdfs:isDefinedBy,http://www.w3.org/2000/01/rdf-schema#isDefinedBy,Literal,Literal,0,0,0.0,0.0,owl:ReflexiveProperty -> rdfs:isDefinedBy -> Literal
shape_000118,owl:TransitiveProperty,http://www.w3.org/2002/07/owl#TransitiveProperty,rdfs:isDefinedBy,http://www.w3.org/2000/01/rdf-schema#isDefinedBy,Literal,Literal,0,0,0.0,0.0,owl:TransitiveProperty -> rdfs:isDefinedBy -> Literal
shape_000119,owl:ObjectProperty,http://www.w3.org/2002/07/owl#ObjectProperty,rdfs:isDefinedBy,http://www.w3.org/2000/01/rdf-schema#isDefinedBy,Literal,Literal,0,0,0.0,0.0,owl:ObjectProperty -> rdfs:isDefinedBy -> Literal
shape_000120,uniprot.core:Rank,http://purl.uniprot.org/core/Rank,rdfs:isDefinedBy,http://www.w3.org/2000/01/rdf-schema#isDefinedBy,Literal,Literal,0,0,0.0,0.0,uniprot.core:Rank -> rdfs:isDefinedBy -> Literal
shape_000121,owl:Class,http://www.w3.org/2002/07/owl#Class,rdfs:isDefinedBy,http://www.w3.org/2000/01/rdf-schema#isDefinedBy,Literal,Literal,0,0,0.0,0.0,owl:Class -> rdfs:isDefinedBy -> Literal
shape_000122,owl:FunctionalProperty,http://www.w3.org/2002/07/owl#FunctionalProperty,rdfs:isDefinedBy,http://www.w3.org/2000/01/rdf-schema#isDefinedBy,Literal,Literal,0,0,0.0,0.0,owl:FunctionalProperty -> rdfs:isDefinedBy -> Literal
shape_000123,owl:NamedIndividual,http://www.w3.org/2002/07/owl#NamedIndividual,rdfs:isDefinedBy,http://www.w3.org/2000/01/rdf-schema#isDefinedBy,Literal,Literal,0,0,0.0,0.0,owl:NamedIndividual -> rdfs:isDefinedBy -> Literal
shape_000124,owl:ObjectProperty,http://www.w3.org/2002/07/owl#ObjectProperty,rdfs:isDefinedBy,http://www.w3.org/2000/01/rdf-schema#isDefinedBy,Literal,Literal,0,0,0.0,0.0,owl:ObjectProperty -> rdfs:isDefinedBy -> Literal
shape_000125,owl:Class,http://www.w3.org/2002/07/owl#Class,rdfs:isDefinedBy,http://www.w3.org/2000/01/rdf-schema#isDefinedBy,Literal,Literal,0,0,0.0,0.0,owl:Class -> rdfs:isDefinedBy -> Literal
shape_000126,owl:SymmetricProperty,http://www.w3.org/2002/07/owl#SymmetricProperty,rdfs:isDefinedBy,http://www.w3.org/2000/01/rdf-schema#isDefinedBy,Literal,Literal,0,0,0.0,0.0,owl:SymmetricProperty -> rdfs:isDefinedBy -> Literal
shape_000127,owl:Ontology,http://www.w3.org/2002/07/owl#Ontology,rdfs:isDefinedBy,http://www.w3.org/2000/01/rdf-schema#isDefinedBy,Resource,Resource,0,0,0.0,0.0,owl:Ontology -> rdfs:isDefinedBy -> Resource
shape_000128,owl:AnnotationProperty,http://www.w3.org/2002/07/owl#AnnotationProperty,rdfs:isDefinedBy,http://www.w3.org/2000/01/rdf-schema#isDefinedBy,Resource,Resource,0,0,0.0,0.0,owl:AnnotationProperty -> rdfs:isDefinedBy -> Resource
shape_000129,owl:DatatypeProperty,http://www.w3.org/2002/07/owl#DatatypeProperty,rdfs:isDefinedBy,http://www.w3.org/2000/01/rdf-schema#isDefinedBy,Resource,Resource,0,0,0.0,0.0,owl:DatatypeProperty -> rdfs:isDefinedBy -> Resource
shape_000130,owl:Class,http://www.w3.org/2002/07/owl#Class,owl:unionOf,http://www.w3.org/2002/07/owl#unionOf,Resource,Resource,0,0,0.0,0.0,owl:Class -> owl:unionOf -> Resource
shape_000131,owl:Ontology,http://www.w3.org/2002/07/owl#Ontology,owl:priorVersion,http://www.w3.org/2002/07/owl#priorVersion,Resource,Resource,0,0,0.0,0.0,owl:Ontology -> owl:priorVersion -> Resource
shape_000132,owl:Ontology,http://www.w3.org/2002/07/owl#Ontology,owl:imports,http://www.w3.org/2002/07/owl#imports,Resource,Resource,0,0,0.0,0.0,owl:Ontology -> owl:imports -> Resource
shape_000133,owl:Ontology,http://www.w3.org/2002/07/owl#Ontology,sh:declare,http://www.w3.org/ns/shacl#declare,Resource,Resource,0,0,0.0,0.0,owl:Ontology -> sh:declare -> Resource
shape_000134,owl:Ontology,http://www.w3.org/2002/07/owl#Ontology,example:file_name,http://example.org/file_name,Resource,Resource,0,0,0.0,0.0,owl:Ontology -> example:file_name -> Resource
shape_000135,sh:SPARQLExecutable,http://www.w3.org/ns/shacl#SPARQLExecutable,example:file_name,http://example.org/file_name,Resource,Resource,0,0,0.0,0.0,sh:SPARQLExecutable -> example:file_name -> Resource
shape_000136,sh:SPARQLSelectExecutable,http://www.w3.org/ns/shacl#SPARQLSelectExecutable,example:file_name,http://example.org/file_name,Resource,Resource,0,0,0.0,0.0,sh:SPARQLSelectExecutable -> example:file_name -> Resource
shape_000137,sh:SPARQLExecutable,http://www.w3.org/ns/shacl#SPARQLExecutable,schema:target,https://schema.org/target,Resource,Resource,0,0,0.0,0.0,sh:SPARQLExecutable -> schema:target -> Resource
shape_000138,sh:SPARQLSelectExecutable,http://www.w3.org/ns/shacl#SPARQLSelectExecutable,schema:target,https://schema.org/target,Resource,Resource,0,0,0.0,0.0,sh:SPARQLSelectExecutable -> schema:target -> Resource
shape_000139,sh:SPARQLExecutable,http://www.w3.org/ns/shacl#SPARQLExecutable,sh:prefixes,http://www.w3.org/ns/shacl#prefixes,Resource,Resource,0,0,0.0,0.0,sh:SPARQLExecutable -> sh:prefixes -> Resource
shape_000140,sh:SPARQLSelectExecutable,http://www.w3.org/ns/shacl#SPARQLSelectExecutable,sh:prefixes,http://www.w3.org/ns/shacl#prefixes,Resource,Resource,0,0,0.0,0.0,sh:SPARQLSelectExecutable -> sh:prefixes -> Resource
shape_000141,orth:Protein,http://purl.org/net/orth#Protein,lscr:xrefNCBIRefSeq,http://purl.org/lscr#xrefNCBIRefSeq,Resource,Resource,0,0,0.0,0.0,orth:Protein -> lscr:xrefNCBIRefSeq -> Resource
shape_000142,orth:Protein,http://purl.org/net/orth#Protein,lscr:xrefNCBIProtein,http://purl.org/lscr#xrefNCBIProtein,Resource,Resource,0,0,0.0,0.0,orth:Protein -> lscr:xrefNCBIProtein -> Resource
shape_000143,orth:Protein,http://purl.org/net/orth#Protein,lscr:xrefEMBLSequence,http://purl.org/lscr#xrefEMBLSequence,Resource,Resource,0,0,0.0,0.0,orth:Protein -> lscr:xrefEMBLSequence -> Resource
shape_000144,owl:ObjectProperty,http://www.w3.org/2002/07/owl#ObjectProperty,skos:altLabel,http://www.w3.org/2004/02/skos/core#altLabel,Resource,Resource,0,0,0.0,0.0,owl:ObjectProperty -> skos:altLabel -> Resource
shape_000145,owl:Class,http://www.w3.org/2002/07/owl#Class,skos:altLabel,http://www.w3.org/2004/02/skos/core#altLabel,Resource,Resource,0,0,0.0,0.0,owl:Class -> skos:altLabel -> Resource
shape_000146,owl:DatatypeProperty,http://www.w3.org/2002/07/owl#DatatypeProperty,skos:altLabel,http://www.w3.org/2004/02/skos/core#altLabel,Resource,Resource,0,0,0.0,0.0,owl:DatatypeProperty -> skos:altLabel -> Resource
shape_000147,owl:SymmetricProperty,http://www.w3.org/2002/07/owl#SymmetricProperty,skos:altLabel,http://www.w3.org/2004/02/skos/core#altLabel,Resource,Resource,0,0,0.0,0.0,owl:SymmetricProperty -> skos:altLabel -> Resource
shape_000148,owl:AnnotationProperty,http://www.w3.org/2002/07/owl#AnnotationProperty,skos:example,http://www.w3.org/2004/02/skos/core#example,Resource,Resource,0,0,0.0,0.0,owl:AnnotationProperty -> skos:example -> Resource
shape_000149,owl:AnnotationProperty,http://www.w3.org/2002/07/owl#AnnotationProperty,skos:scopeNote,http://www.w3.org/2004/02/skos/core#scopeNote,Resource,Resource,0,0,0.0,0.0,owl:AnnotationProperty -> skos:scopeNote -> Resource
shape_000150,owl:AnnotationProperty,http://www.w3.org/2002/07/owl#AnnotationProperty,skos:definition,http://www.w3.org/2004/02/skos/core#definition,Resource,Resource,0,0,0.0,0.0,owl:AnnotationProperty -> skos:definition -> Resource
shape_000151,owl:Class,http://www.w3.org/2002/07/owl#Class,owl:intersectionOf,http://www.w3.org/2002/07/owl#intersectionOf,Resource,Resource,0,0,0.0,0.0,owl:Class -> owl:intersectionOf -> Resource
shape_000152,owl:Ontology,http://www.w3.org/2002/07/owl#Ontology,owl:versionIRI,http://www.w3.org/2002/07/owl#versionIRI,Resource,Resource,0,0,0.0,0.0,owl:Ontology -> owl:versionIRI -> Resource
shape_000153,orth:Gene,http://purl.org/net/orth#Gene,lscr:xrefNCBIGene,http://purl.org/lscr#xrefNCBIGene,Resource,Resource,0,0,0.0,0.0,orth:Gene -> lscr:xrefNCBIGene -> Resource
shape_000154,so:0000704,http://purl.obolibrary.org/obo/SO_0000704,lscr:xrefNCBIGene,http://purl.org/lscr#xrefNCBIGene,Resource,Resource,0,0,0.0,0.0,so:0000704 -> lscr:xrefNCBIGene -> Resource
shape_000155,orth:Gene,http://purl.org/net/orth#Gene,lscr:xrefEnsemblGene,http://purl.org/lscr#xrefEnsemblGene,Resource,Resource,0,0,0.0,0.0,orth:Gene -> lscr:xrefEnsemblGene -> Resource
shape_000156,so:0000704,http://purl.obolibrary.org/obo/SO_0000704,lscr:xrefEnsemblGene,http://purl.org/lscr#xrefEnsemblGene,Resource,Resource,0,0,0.0,0.0,so:0000704 -> lscr:xrefEnsemblGene -> Resource
shape_000157,owl:Restriction,http://www.w3.org/2002/07/owl#Restriction,owl:onDataRange,http://www.w3.org/2002/07/owl#onDataRange,Resource,Resource,0,0,0.0,0.0,owl:Restriction -> owl:onDataRange -> Resource
