iri,as_subject,as_object,subject_pattern,object_pattern
https://identifiers.org/chebi/132273,0,2,,cheminf:000000 -> skos:exactMatch -> cheminf:000407
https://identifiers.org/chebi/17747,0,2,,cheminf:000000 -> skos:exactMatch -> cheminf:000407
http://purl.org/commons/record/mesh/D006486,1,3,pato:0001241 -> dc:identifier -> pato:0001241,aopo:KeyEvent -> pato:0001241 -> pato:0001241
https://identifiers.org/chebi/27363,0,2,,cheminf:000000 -> skos:exactMatch -> cheminf:000407
https://identifiers.org/chebi/5015,0,2,,cheminf:000000 -> skos:exactMatch -> cheminf:000407
https://identifiers.org/chebi/42017,0,2,,cheminf:000000 -> skos:exactMatch -> cheminf:000407
https://identifiers.org/chebi/72564,0,2,,cheminf:000000 -> skos:exactMatch -> cheminf:000407
https://identifiers.org/chebi/9150,0,2,,cheminf:000000 -> skos:exactMatch -> cheminf:000407
http://purl.org/commons/record/mesh/D010212,1,3,pato:0001241 -> dc:identifier -> pato:0001241,aopo:KeyEvent -> pato:0001241 -> pato:0001241
https://identifiers.org/chebi/28001,0,2,,cheminf:000000 -> skos:exactMatch -> cheminf:000407
https://identifiers.org/chebi/16605,0,2,,cheminf:000000 -> skos:exactMatch -> cheminf:000407
https://identifiers.org/chebi/90620,0,2,,cheminf:000000 -> skos:exactMatch -> cheminf:000407
https://identifiers.org/chebi/68508,0,2,,cheminf:000000 -> skos:exactMatch -> cheminf:000407
https://identifiers.org/chebi/25195,0,2,,cheminf:000000 -> skos:exactMatch -> cheminf:000407
https://identifiers.org/chebi/28499,0,2,,cheminf:000000 -> skos:exactMatch -> cheminf:000407
https://identifiers.org/chebi/4042,0,2,,cheminf:000000 -> skos:exactMatch -> cheminf:000407
https://identifiers.org/chebi/9682,0,2,,cheminf:000000 -> skos:exactMatch -> cheminf:000407
https://identifiers.org/chebi/34892,0,2,,cheminf:000000 -> skos:exactMatch -> cheminf:000407
https://identifiers.org/chebi/5009,0,2,,cheminf:000000 -> skos:exactMatch -> cheminf:000407
https://identifiers.org/chebi/38604,0,2,,cheminf:000000 -> skos:exactMatch -> cheminf:000407
https://identifiers.org/chebi/27928,0,2,,cheminf:000000 -> skos:exactMatch -> cheminf:000407
https://identifiers.org/chebi/6801,0,2,,cheminf:000000 -> skos:exactMatch -> cheminf:000407
https://identifiers.org/chebi/27750,0,2,,cheminf:000000 -> skos:exactMatch -> cheminf:000407
https://identifiers.org/chebi/64090,0,2,,cheminf:000000 -> skos:exactMatch -> cheminf:000407
https://identifiers.org/chebi/7939,0,2,,cheminf:000000 -> skos:exactMatch -> cheminf:000407
https://identifiers.org/chebi/77898,0,2,,cheminf:000000 -> skos:exactMatch -> cheminf:000407
https://identifiers.org/chebi/39186,0,2,,cheminf:000000 -> skos:exactMatch -> cheminf:000407
https://identifiers.org/chebi/32110,0,2,,cheminf:000000 -> skos:exactMatch -> cheminf:000407
http://purl.org/commons/record/mesh/D014819,1,3,pato:0001241 -> dc:identifier -> pato:0001241,aopo:KeyEvent -> pato:0001241 -> pato:0001241
https://identifiers.org/chebi/40823,0,2,,cheminf:000000 -> skos:exactMatch -> cheminf:000407
https://identifiers.org/chebi/2469,0,2,,cheminf:000000 -> skos:exactMatch -> cheminf:000407
https://identifiers.org/chebi/28201,0,2,,cheminf:000000 -> skos:exactMatch -> cheminf:000407
https://identifiers.org/chebi/39260,0,2,,cheminf:000000 -> skos:exactMatch -> cheminf:000407
http://purl.org/commons/record/mesh/C061375,1,3,pato:0001241 -> dc:identifier -> pato:0001241,aopo:KeyEvent -> pato:0001241 -> pato:0001241
https://identifiers.org/chebi/9130,0,2,,cheminf:000000 -> skos:exactMatch -> cheminf:000407
http://purl.org/commons/record/mesh/D006965,1,3,go:0008150 -> dc:identifier -> go:0008150,aopo:KeyEvent -> go:0008150 -> go:0008150
https://identifiers.org/chebi/15930,0,2,,cheminf:000000 -> skos:exactMatch -> cheminf:000407
https://identifiers.org/chebi/49662,0,2,,cheminf:000000 -> skos:exactMatch -> cheminf:000407
https://identifiers.org/chebi/47807,0,2,,cheminf:000000 -> skos:exactMatch -> cheminf:000407
https://identifiers.org/chebi/16330,0,2,,cheminf:000000 -> skos:exactMatch -> cheminf:000407
https://identifiers.org/chebi/16793,0,2,,cheminf:000000 -> skos:exactMatch -> cheminf:000407
https://identifiers.org/chebi/79736,0,2,,cheminf:000000 -> skos:exactMatch -> cheminf:000407
https://identifiers.org/chebi/81786,0,2,,cheminf:000000 -> skos:exactMatch -> cheminf:000407
https://identifiers.org/chebi/34719,0,2,,cheminf:000000 -> skos:exactMatch -> cheminf:000407
https://identifiers.org/chebi/63631,0,2,,cheminf:000000 -> skos:exactMatch -> cheminf:000407
https://identifiers.org/chebi/35559,0,2,,cheminf:000000 -> skos:exactMatch -> cheminf:000407
https://identifiers.org/chebi/8489,0,2,,cheminf:000000 -> skos:exactMatch -> cheminf:000407
https://identifiers.org/chebi/22977,0,2,,cheminf:000000 -> skos:exactMatch -> cheminf:000407
https://identifiers.org/chebi/83174,0,2,,cheminf:000000 -> skos:exactMatch -> cheminf:000407
https://identifiers.org/chebi/53555,0,2,,cheminf:000000 -> skos:exactMatch -> cheminf:000407
https://identifiers.org/chebi/134455,0,2,,cheminf:000000 -> skos:exactMatch -> cheminf:000407
https://identifiers.org/chebi/28619,0,2,,cheminf:000000 -> skos:exactMatch -> cheminf:000407
https://identifiers.org/chebi/17594,0,2,,cheminf:000000 -> skos:exactMatch -> cheminf:000407
https://identifiers.org/chebi/7476,0,2,,cheminf:000000 -> skos:exactMatch -> cheminf:000407
https://identifiers.org/chebi/34608,0,2,,cheminf:000000 -> skos:exactMatch -> cheminf:000407
https://identifiers.org/chebi/83197,0,2,,cheminf:000000 -> skos:exactMatch -> cheminf:000407
https://identifiers.org/chebi/76917,0,2,,cheminf:000000 -> skos:exactMatch -> cheminf:000407
http://purl.org/commons/record/mesh/D002137,1,3,pato:0001241 -> dc:identifier -> pato:0001241,aopo:KeyEvent -> pato:0001241 -> pato:0001241
https://identifiers.org/chebi/17642,0,2,,cheminf:000000 -> skos:exactMatch -> cheminf:000407
https://identifiers.org/chebi/28216,0,2,,cheminf:000000 -> skos:exactMatch -> cheminf:000407
https://identifiers.org/chebi/8309,0,2,,cheminf:000000 -> skos:exactMatch -> cheminf:000407
https://identifiers.org/chebi/87579,0,2,,cheminf:000000 -> skos:exactMatch -> cheminf:000407
https://identifiers.org/chebi/53243,0,2,,cheminf:000000 -> skos:exactMatch -> cheminf:000407
https://identifiers.org/chebi/5011,0,2,,cheminf:000000 -> skos:exactMatch -> cheminf:000407
https://identifiers.org/chebi/28925,0,2,,cheminf:000000 -> skos:exactMatch -> cheminf:000407
https://identifiers.org/chebi/45979,0,2,,cheminf:000000 -> skos:exactMatch -> cheminf:000407
https://identifiers.org/chebi/34631,0,2,,cheminf:000000 -> skos:exactMatch -> cheminf:000407
https://identifiers.org/chebi/38211,0,2,,cheminf:000000 -> skos:exactMatch -> cheminf:000407
https://identifiers.org/chebi/8502,0,2,,cheminf:000000 -> skos:exactMatch -> cheminf:000407
https://identifiers.org/chebi/16856,0,2,,cheminf:000000 -> skos:exactMatch -> cheminf:000407
https://identifiers.org/chebi/44445,0,2,,cheminf:000000 -> skos:exactMatch -> cheminf:000407
https://identifiers.org/chebi/59063,0,2,,cheminf:000000 -> skos:exactMatch -> cheminf:000407
https://identifiers.org/chebi/15343,0,2,,cheminf:000000 -> skos:exactMatch -> cheminf:000407
https://identifiers.org/chebi/9753,0,2,,cheminf:000000 -> skos:exactMatch -> cheminf:000407
https://identifiers.org/chebi/34696,0,2,,cheminf:000000 -> skos:exactMatch -> cheminf:000407
http://purl.org/commons/record/mesh/D014178,1,3,go:0008150 -> dc:identifier -> go:0008150,aopo:KeyEvent -> go:0008150 -> go:0008150
https://identifiers.org/chebi/81938,0,2,,cheminf:000000 -> skos:exactMatch -> cheminf:000407
https://identifiers.org/chebi/22907,0,2,,cheminf:000000 -> skos:exactMatch -> cheminf:000407
https://identifiers.org/chebi/5613,0,2,,cheminf:000000 -> skos:exactMatch -> cheminf:000407
https://identifiers.org/chebi/34785,0,2,,cheminf:000000 -> skos:exactMatch -> cheminf:000407
https://identifiers.org/chebi/83999,0,2,,cheminf:000000 -> skos:exactMatch -> cheminf:000407
https://identifiers.org/chebi/7822,0,2,,cheminf:000000 -> skos:exactMatch -> cheminf:000407
https://identifiers.org/chebi/3181,0,2,,cheminf:000000 -> skos:exactMatch -> cheminf:000407
https://identifiers.org/chebi/49936,0,2,,cheminf:000000 -> skos:exactMatch -> cheminf:000407
https://identifiers.org/chebi/2948,0,2,,cheminf:000000 -> skos:exactMatch -> cheminf:000407
https://identifiers.org/chebi/47217,0,2,,cheminf:000000 -> skos:exactMatch -> cheminf:000407
https://identifiers.org/chebi/183515,0,2,,cheminf:000000 -> skos:exactMatch -> cheminf:000407
https://identifiers.org/chebi/35018,0,2,,cheminf:000000 -> skos:exactMatch -> cheminf:000407
http://purl.org/commons/record/mesh/D005298,4,12,pato:0001241 -> dc:identifier -> pato:0001241,aopo:BiologicalEvent -> aopo:hasObject -> go:0008150
https://identifiers.org/chebi/94355,0,2,,cheminf:000000 -> skos:exactMatch -> cheminf:000407
http://purl.org/commons/record/mesh/D018196,1,3,pato:0001241 -> dc:identifier -> pato:0001241,aopo:KeyEvent -> pato:0001241 -> pato:0001241
https://identifiers.org/chebi/29035,0,2,,cheminf:000000 -> skos:exactMatch -> cheminf:000407
https://identifiers.org/chebi/2038,0,2,,cheminf:000000 -> skos:exactMatch -> cheminf:000407
https://identifiers.org/chebi/34594,0,2,,cheminf:000000 -> skos:exactMatch -> cheminf:000407
https://identifiers.org/chebi/5063,0,2,,cheminf:000000 -> skos:exactMatch -> cheminf:000407
https://identifiers.org/chebi/95129,0,2,,cheminf:000000 -> skos:exactMatch -> cheminf:000407
https://identifiers.org/chebi/92076,0,2,,cheminf:000000 -> skos:exactMatch -> cheminf:000407
http://purl.org/commons/record/mesh/D008107,1,3,pato:0001241 -> dc:identifier -> pato:0001241,aopo:KeyEvent -> pato:0001241 -> pato:0001241
https://identifiers.org/chebi/34873,0,2,,cheminf:000000 -> skos:exactMatch -> cheminf:000407
https://identifiers.org/chebi/9495,0,2,,cheminf:000000 -> skos:exactMatch -> cheminf:000407
https://identifiers.org/chebi/50867,0,2,,cheminf:000000 -> skos:exactMatch -> cheminf:000407
https://identifiers.org/chebi/50131,0,2,,cheminf:000000 -> skos:exactMatch -> cheminf:000407
https://identifiers.org/chebi/31638,0,2,,cheminf:000000 -> skos:exactMatch -> cheminf:000407
https://identifiers.org/chebi/50743,0,2,,cheminf:000000 -> skos:exactMatch -> cheminf:000407
https://identifiers.org/chebi/76200,0,2,,cheminf:000000 -> skos:exactMatch -> cheminf:000407
https://identifiers.org/chebi/36386,0,2,,cheminf:000000 -> skos:exactMatch -> cheminf:000407
https://identifiers.org/chebi/17967,0,2,,cheminf:000000 -> skos:exactMatch -> cheminf:000407
https://identifiers.org/chebi/63625,0,2,,cheminf:000000 -> skos:exactMatch -> cheminf:000407
https://identifiers.org/chebi/6923,0,2,,cheminf:000000 -> skos:exactMatch -> cheminf:000407
http://purl.org/commons/record/mesh/D001943,1,3,pato:0001241 -> dc:identifier -> pato:0001241,aopo:KeyEvent -> pato:0001241 -> pato:0001241
https://identifiers.org/chebi/34693,0,2,,cheminf:000000 -> skos:exactMatch -> cheminf:000407
https://identifiers.org/chebi/53227,0,2,,cheminf:000000 -> skos:exactMatch -> cheminf:000407
https://identifiers.org/chebi/23359,0,2,,cheminf:000000 -> skos:exactMatch -> cheminf:000407
https://identifiers.org/chebi/38451,0,2,,cheminf:000000 -> skos:exactMatch -> cheminf:000407
https://identifiers.org/chebi/41879,0,2,,cheminf:000000 -> skos:exactMatch -> cheminf:000407
https://identifiers.org/chebi/28073,0,2,,cheminf:000000 -> skos:exactMatch -> cheminf:000407
https://identifiers.org/chebi/39243,0,2,,cheminf:000000 -> skos:exactMatch -> cheminf:000407
http://purl.org/commons/record/mesh/D000236,1,3,pato:0001241 -> dc:identifier -> pato:0001241,aopo:KeyEvent -> pato:0001241 -> pato:0001241
https://identifiers.org/chebi/63718,0,2,,cheminf:000000 -> skos:exactMatch -> cheminf:000407
https://identifiers.org/chebi/143729,0,2,,cheminf:000000 -> skos:exactMatch -> cheminf:000407
https://identifiers.org/chebi/38449,0,2,,cheminf:000000 -> skos:exactMatch -> cheminf:000407
http://purl.org/commons/record/mesh/D001919,1,3,pato:0001241 -> dc:identifier -> pato:0001241,aopo:KeyEvent -> pato:0001241 -> pato:0001241
https://identifiers.org/chebi/88214,0,2,,cheminf:000000 -> skos:exactMatch -> cheminf:000407
https://identifiers.org/chebi/81978,0,2,,cheminf:000000 -> skos:exactMatch -> cheminf:000407
http://purl.org/commons/record/mesh/D008708,1,3,pato:0001241 -> dc:identifier -> pato:0001241,aopo:KeyEvent -> pato:0001241 -> pato:0001241
https://identifiers.org/chebi/5692,0,2,,cheminf:000000 -> skos:exactMatch -> cheminf:000407
https://identifiers.org/chebi/25812,0,2,,cheminf:000000 -> skos:exactMatch -> cheminf:000407
https://identifiers.org/chebi/27086,0,2,,cheminf:000000 -> skos:exactMatch -> cheminf:000407
https://identifiers.org/chebi/6128,0,2,,cheminf:000000 -> skos:exactMatch -> cheminf:000407
https://identifiers.org/chebi/73162,0,2,,cheminf:000000 -> skos:exactMatch -> cheminf:000407
https://identifiers.org/chebi/15738,0,2,,cheminf:000000 -> skos:exactMatch -> cheminf:000407
https://identifiers.org/chebi/5615,0,2,,cheminf:000000 -> skos:exactMatch -> cheminf:000407
http://purl.org/commons/record/mesh/D057165,1,3,go:0008150 -> dc:identifier -> go:0008150,aopo:KeyEvent -> go:0008150 -> go:0008150
https://identifiers.org/chebi/17833,0,2,,cheminf:000000 -> skos:exactMatch -> cheminf:000407
https://identifiers.org/chebi/16598,0,2,,cheminf:000000 -> skos:exactMatch -> cheminf:000407
http://purl.org/commons/record/mesh/D002779,1,3,pato:0001241 -> dc:identifier -> pato:0001241,aopo:KeyEvent -> pato:0001241 -> pato:0001241
https://identifiers.org/chebi/59050,0,2,,cheminf:000000 -> skos:exactMatch -> cheminf:000407
https://identifiers.org/chebi/4911,0,2,,cheminf:000000 -> skos:exactMatch -> cheminf:000407
https://identifiers.org/chebi/5138,0,2,,cheminf:000000 -> skos:exactMatch -> cheminf:000407
https://identifiers.org/chebi/93466,0,2,,cheminf:000000 -> skos:exactMatch -> cheminf:000407
http://purl.org/commons/record/mesh/D013312,1,3,go:0008150 -> dc:identifier -> go:0008150,aopo:KeyEvent -> go:0008150 -> go:0008150
https://identifiers.org/chebi/47612,0,2,,cheminf:000000 -> skos:exactMatch -> cheminf:000407
https://identifiers.org/chebi/18422,0,2,,cheminf:000000 -> skos:exactMatch -> cheminf:000407
https://identifiers.org/chebi/23994,0,2,,cheminf:000000 -> skos:exactMatch -> cheminf:000407
http://purl.org/commons/record/mesh/D004106,1,3,go:0008150 -> dc:identifier -> go:0008150,aopo:KeyEvent -> go:0008150 -> go:0008150
http://purl.org/commons/record/mesh/D020734,1,3,pato:0001241 -> dc:identifier -> pato:0001241,aopo:KeyEvent -> pato:0001241 -> pato:0001241
https://identifiers.org/chebi/34727,0,2,,cheminf:000000 -> skos:exactMatch -> cheminf:000407
https://identifiers.org/chebi/47518,0,2,,cheminf:000000 -> skos:exactMatch -> cheminf:000407
https://identifiers.org/chebi/31672,0,2,,cheminf:000000 -> skos:exactMatch -> cheminf:000407
https://identifiers.org/chebi/42223,0,2,,cheminf:000000 -> skos:exactMatch -> cheminf:000407
https://identifiers.org/chebi/66903,0,2,,cheminf:000000 -> skos:exactMatch -> cheminf:000407
https://identifiers.org/chebi/29865,0,2,,cheminf:000000 -> skos:exactMatch -> cheminf:000407
https://identifiers.org/chebi/34292,0,2,,cheminf:000000 -> skos:exactMatch -> cheminf:000407
https://identifiers.org/chebi/38450,0,2,,cheminf:000000 -> skos:exactMatch -> cheminf:000407
https://identifiers.org/chebi/27214,0,2,,cheminf:000000 -> skos:exactMatch -> cheminf:000407
https://identifiers.org/chebi/83758,0,2,,cheminf:000000 -> skos:exactMatch -> cheminf:000407
https://identifiers.org/chebi/27889,0,2,,cheminf:000000 -> skos:exactMatch -> cheminf:000407
https://identifiers.org/chebi/9141,0,2,,cheminf:000000 -> skos:exactMatch -> cheminf:000407
https://identifiers.org/chebi/16480,0,2,,cheminf:000000 -> skos:exactMatch -> cheminf:000407
https://identifiers.org/chebi/52498,0,2,,cheminf:000000 -> skos:exactMatch -> cheminf:000407
https://identifiers.org/chebi/39867,0,2,,cheminf:000000 -> skos:exactMatch -> cheminf:000407
https://identifiers.org/chebi/36706,0,2,,cheminf:000000 -> skos:exactMatch -> cheminf:000407
https://identifiers.org/chebi/125423,0,2,,cheminf:000000 -> skos:exactMatch -> cheminf:000407
https://identifiers.org/chebi/49900,0,2,,cheminf:000000 -> skos:exactMatch -> cheminf:000407
https://identifiers.org/chebi/9422,0,2,,cheminf:000000 -> skos:exactMatch -> cheminf:000407
https://identifiers.org/chebi/83173,0,2,,cheminf:000000 -> skos:exactMatch -> cheminf:000407
http://purl.org/commons/record/mesh/D005354,1,3,pato:0001241 -> dc:identifier -> pato:0001241,aopo:KeyEvent -> pato:0001241 -> pato:0001241
https://identifiers.org/chebi/28851,0,2,,cheminf:000000 -> skos:exactMatch -> cheminf:000407
https://identifiers.org/chebi/3720,0,2,,cheminf:000000 -> skos:exactMatch -> cheminf:000407
https://identifiers.org/chebi/28197,0,2,,cheminf:000000 -> skos:exactMatch -> cheminf:000407
https://identifiers.org/chebi/94276,0,2,,cheminf:000000 -> skos:exactMatch -> cheminf:000407
https://identifiers.org/chebi/6541,0,2,,cheminf:000000 -> skos:exactMatch -> cheminf:000407
https://identifiers.org/chebi/9604,0,2,,cheminf:000000 -> skos:exactMatch -> cheminf:000407
https://identifiers.org/chebi/27385,0,2,,cheminf:000000 -> skos:exactMatch -> cheminf:000407
https://identifiers.org/chebi/2663,0,2,,cheminf:000000 -> skos:exactMatch -> cheminf:000407
https://identifiers.org/chebi/41774,0,2,,cheminf:000000 -> skos:exactMatch -> cheminf:000407
https://identifiers.org/chebi/9948,0,2,,cheminf:000000 -> skos:exactMatch -> cheminf:000407
https://identifiers.org/chebi/31549,0,2,,cheminf:000000 -> skos:exactMatch -> cheminf:000407
https://identifiers.org/chebi/32497,0,2,,cheminf:000000 -> skos:exactMatch -> cheminf:000407
https://identifiers.org/chebi/91384,0,2,,cheminf:000000 -> skos:exactMatch -> cheminf:000407
https://identifiers.org/chebi/29699,0,2,,cheminf:000000 -> skos:exactMatch -> cheminf:000407
http://purl.org/commons/record/mesh/D009369,1,3,pato:0001241 -> dc:identifier -> pato:0001241,aopo:KeyEvent -> pato:0001241 -> pato:0001241
https://identifiers.org/chebi/81896,0,2,,cheminf:000000 -> skos:exactMatch -> cheminf:000407
http://purl.org/commons/record/mesh/Q000633,1,3,go:0008150 -> dc:identifier -> go:0008150,aopo:KeyEvent -> go:0008150 -> go:0008150
https://identifiers.org/chebi/10033,0,2,,cheminf:000000 -> skos:exactMatch -> cheminf:000407
https://identifiers.org/chebi/4811,0,2,,cheminf:000000 -> skos:exactMatch -> cheminf:000407
https://identifiers.org/chebi/38221,0,2,,cheminf:000000 -> skos:exactMatch -> cheminf:000407
https://identifiers.org/chebi/2504,0,2,,cheminf:000000 -> skos:exactMatch -> cheminf:000407
https://identifiers.org/chebi/50673,0,2,,cheminf:000000 -> skos:exactMatch -> cheminf:000407
https://identifiers.org/chebi/38626,0,2,,cheminf:000000 -> skos:exactMatch -> cheminf:000407
https://identifiers.org/chebi/17968,0,2,,cheminf:000000 -> skos:exactMatch -> cheminf:000407
https://identifiers.org/chebi/82219,0,2,,cheminf:000000 -> skos:exactMatch -> cheminf:000407
https://identifiers.org/chebi/16587,0,2,,cheminf:000000 -> skos:exactMatch -> cheminf:000407
http://purl.org/commons/record/mesh/D007889,1,3,pato:0001241 -> dc:identifier -> pato:0001241,aopo:KeyEvent -> pato:0001241 -> pato:0001241
https://identifiers.org/chebi/134063,0,2,,cheminf:000000 -> skos:exactMatch -> cheminf:000407
https://identifiers.org/chebi/7577,0,2,,cheminf:000000 -> skos:exactMatch -> cheminf:000407
https://identifiers.org/chebi/6482,0,2,,cheminf:000000 -> skos:exactMatch -> cheminf:000407
https://identifiers.org/chebi/132082,0,2,,cheminf:000000 -> skos:exactMatch -> cheminf:000407
https://identifiers.org/chebi/27827,0,2,,cheminf:000000 -> skos:exactMatch -> cheminf:000407
http://purl.org/commons/record/mesh/D006984,1,3,go:0008150 -> dc:identifier -> go:0008150,aopo:KeyEvent -> go:0008150 -> go:0008150
https://identifiers.org/chebi/81980,0,2,,cheminf:000000 -> skos:exactMatch -> cheminf:000407
http://purl.org/commons/record/mesh/C82476,1,3,pato:0001241 -> dc:identifier -> pato:0001241,aopo:KeyEvent -> pato:0001241 -> pato:0001241
https://identifiers.org/chebi/31953,0,2,,cheminf:000000 -> skos:exactMatch -> cheminf:000407
https://identifiers.org/chebi/83645,0,2,,cheminf:000000 -> skos:exactMatch -> cheminf:000407
http://purl.org/commons/record/mesh/D054537,1,3,pato:0001241 -> dc:identifier -> pato:0001241,aopo:KeyEvent -> pato:0001241 -> pato:0001241
https://identifiers.org/chebi/438934,0,2,,cheminf:000000 -> skos:exactMatch -> cheminf:000407
https://identifiers.org/chebi/623918,0,2,,cheminf:000000 -> skos:exactMatch -> cheminf:000407
https://identifiers.org/chebi/88542,0,2,,cheminf:000000 -> skos:exactMatch -> cheminf:000407
https://identifiers.org/chebi/80742,0,2,,cheminf:000000 -> skos:exactMatch -> cheminf:000407
http://purl.org/commons/record/mesh/D004417,1,3,pato:0001241 -> dc:identifier -> pato:0001241,aopo:KeyEvent -> pato:0001241 -> pato:0001241
https://identifiers.org/chebi/83632,0,2,,cheminf:000000 -> skos:exactMatch -> cheminf:000407
https://identifiers.org/chebi/45453,0,2,,cheminf:000000 -> skos:exactMatch -> cheminf:000407
https://identifiers.org/chebi/27563,0,2,,cheminf:000000 -> skos:exactMatch -> cheminf:000407
https://identifiers.org/chebi/49544,0,2,,cheminf:000000 -> skos:exactMatch -> cheminf:000407
https://identifiers.org/chebi/61049,0,2,,cheminf:000000 -> skos:exactMatch -> cheminf:000407
https://identifiers.org/chebi/33101,0,2,,cheminf:000000 -> skos:exactMatch -> cheminf:000407
http://purl.org/commons/record/mesh/D001066,1,3,go:0008150 -> dc:identifier -> go:0008150,aopo:KeyEvent -> go:0008150 -> go:0008150
http://purl.org/commons/record/mesh/D008654,1,3,pato:0001241 -> dc:identifier -> pato:0001241,aopo:KeyEvent -> pato:0001241 -> pato:0001241
https://identifiers.org/chebi/40116,0,2,,cheminf:000000 -> skos:exactMatch -> cheminf:000407
http://purl.org/commons/record/mesh/D001145,4,12,pato:0001241 -> dc:identifier -> pato:0001241,aopo:BiologicalEvent -> aopo:hasObject -> go:0008150
https://identifiers.org/chebi/46024,0,2,,cheminf:000000 -> skos:exactMatch -> cheminf:000407
https://identifiers.org/chebi/17336,0,2,,cheminf:000000 -> skos:exactMatch -> cheminf:000407
https://identifiers.org/chebi/32509,0,2,,cheminf:000000 -> skos:exactMatch -> cheminf:000407
https://identifiers.org/chebi/30185,0,2,,cheminf:000000 -> skos:exactMatch -> cheminf:000407
https://identifiers.org/chebi/48339,0,2,,cheminf:000000 -> skos:exactMatch -> cheminf:000407
https://identifiers.org/chebi/81796,0,2,,cheminf:000000 -> skos:exactMatch -> cheminf:000407
http://purl.org/commons/record/mesh/D002277,1,3,pato:0001241 -> dc:identifier -> pato:0001241,aopo:KeyEvent -> pato:0001241 -> pato:0001241
https://identifiers.org/chebi/101278,0,2,,cheminf:000000 -> skos:exactMatch -> cheminf:000407
http://purl.org/commons/record/mesh/D012130,4,12,pato:0001241 -> dc:identifier -> pato:0001241,aopo:BiologicalEvent -> aopo:hasObject -> go:0008150
https://identifiers.org/chebi/95057,0,2,,cheminf:000000 -> skos:exactMatch -> cheminf:000407
https://identifiers.org/chebi/32888,0,2,,cheminf:000000 -> skos:exactMatch -> cheminf:000407
https://identifiers.org/chebi/5001,0,2,,cheminf:000000 -> skos:exactMatch -> cheminf:000407
https://identifiers.org/chebi/76144,0,2,,cheminf:000000 -> skos:exactMatch -> cheminf:000407
https://identifiers.org/chebi/49786,0,2,,cheminf:000000 -> skos:exactMatch -> cheminf:000407
https://identifiers.org/chebi/82168,0,2,,cheminf:000000 -> skos:exactMatch -> cheminf:000407
http://purl.org/commons/record/mesh/D002292,1,3,go:0008150 -> dc:identifier -> go:0008150,aopo:KeyEvent -> go:0008150 -> go:0008150
https://identifiers.org/chebi/364453,0,2,,cheminf:000000 -> skos:exactMatch -> cheminf:000407
https://identifiers.org/chebi/6413,0,2,,cheminf:000000 -> skos:exactMatch -> cheminf:000407
https://identifiers.org/chebi/4806,0,2,,cheminf:000000 -> skos:exactMatch -> cheminf:000407
https://identifiers.org/chebi/49468,0,2,,cheminf:000000 -> skos:exactMatch -> cheminf:000407
https://identifiers.org/chebi/254496,0,2,,cheminf:000000 -> skos:exactMatch -> cheminf:000407
http://purl.org/commons/record/mesh/D019255,1,3,pato:0001241 -> dc:identifier -> pato:0001241,aopo:KeyEvent -> pato:0001241 -> pato:0001241
https://identifiers.org/chebi/52497,0,2,,cheminf:000000 -> skos:exactMatch -> cheminf:000407
https://identifiers.org/chebi/2668,0,2,,cheminf:000000 -> skos:exactMatch -> cheminf:000407
https://identifiers.org/chebi/81781,0,2,,cheminf:000000 -> skos:exactMatch -> cheminf:000407
https://identifiers.org/chebi/52774,0,2,,cheminf:000000 -> skos:exactMatch -> cheminf:000407
https://identifiers.org/chebi/68880,0,2,,cheminf:000000 -> skos:exactMatch -> cheminf:000407
https://identifiers.org/chebi/8772,0,2,,cheminf:000000 -> skos:exactMatch -> cheminf:000407
https://identifiers.org/chebi/50305,0,2,,cheminf:000000 -> skos:exactMatch -> cheminf:000407
https://identifiers.org/chebi/63918,0,2,,cheminf:000000 -> skos:exactMatch -> cheminf:000407
https://identifiers.org/chebi/83106,0,2,,cheminf:000000 -> skos:exactMatch -> cheminf:000407
https://identifiers.org/chebi/351346,0,2,,cheminf:000000 -> skos:exactMatch -> cheminf:000407
https://identifiers.org/chebi/3753,0,2,,cheminf:000000 -> skos:exactMatch -> cheminf:000407
http://purl.org/commons/record/mesh/D001779,1,3,pato:0001241 -> dc:identifier -> pato:0001241,aopo:KeyEvent -> pato:0001241 -> pato:0001241
https://identifiers.org/chebi/7575,0,2,,cheminf:000000 -> skos:exactMatch -> cheminf:000407
https://identifiers.org/chebi/28891,0,2,,cheminf:000000 -> skos:exactMatch -> cheminf:000407
https://identifiers.org/chebi/15367,0,2,,cheminf:000000 -> skos:exactMatch -> cheminf:000407
https://identifiers.org/chebi/81934,0,2,,cheminf:000000 -> skos:exactMatch -> cheminf:000407
https://identifiers.org/chebi/7590,0,2,,cheminf:000000 -> skos:exactMatch -> cheminf:000407
https://identifiers.org/chebi/3139,0,2,,cheminf:000000 -> skos:exactMatch -> cheminf:000407
https://identifiers.org/chebi/85014,0,2,,cheminf:000000 -> skos:exactMatch -> cheminf:000407
https://identifiers.org/chebi/45716,0,2,,cheminf:000000 -> skos:exactMatch -> cheminf:000407
https://identifiers.org/chebi/94807,0,2,,cheminf:000000 -> skos:exactMatch -> cheminf:000407
https://identifiers.org/chebi/7494,0,2,,cheminf:000000 -> skos:exactMatch -> cheminf:000407
https://identifiers.org/chebi/4531,0,2,,cheminf:000000 -> skos:exactMatch -> cheminf:000407
https://identifiers.org/chebi/3090,0,2,,cheminf:000000 -> skos:exactMatch -> cheminf:000407
https://identifiers.org/chebi/87732,0,2,,cheminf:000000 -> skos:exactMatch -> cheminf:000407
https://identifiers.org/chebi/49706,0,2,,cheminf:000000 -> skos:exactMatch -> cheminf:000407
https://identifiers.org/chebi/110422,0,2,,cheminf:000000 -> skos:exactMatch -> cheminf:000407
https://identifiers.org/chebi/39421,0,2,,cheminf:000000 -> skos:exactMatch -> cheminf:000407
https://identifiers.org/chebi/49807,0,2,,cheminf:000000 -> skos:exactMatch -> cheminf:000407
https://identifiers.org/chebi/100241,0,2,,cheminf:000000 -> skos:exactMatch -> cheminf:000407
https://identifiers.org/chebi/18291,0,2,,cheminf:000000 -> skos:exactMatch -> cheminf:000407
http://purl.org/commons/record/mesh/D009154,1,3,go:0008150 -> dc:identifier -> go:0008150,aopo:KeyEvent -> go:0008150 -> go:0008150
https://identifiers.org/chebi/27495,0,2,,cheminf:000000 -> skos:exactMatch -> cheminf:000407
https://identifiers.org/chebi/23995,0,2,,cheminf:000000 -> skos:exactMatch -> cheminf:000407
https://identifiers.org/chebi/6456,0,2,,cheminf:000000 -> skos:exactMatch -> cheminf:000407
https://identifiers.org/chebi/34750,0,2,,cheminf:000000 -> skos:exactMatch -> cheminf:000407
http://purl.org/commons/record/mesh/D056631,1,3,go:0008150 -> dc:identifier -> go:0008150,aopo:KeyEvent -> go:0008150 -> go:0008150
https://identifiers.org/chebi/40036,0,2,,cheminf:000000 -> skos:exactMatch -> cheminf:000407
https://identifiers.org/chebi/16113,0,2,,cheminf:000000 -> skos:exactMatch -> cheminf:000407
https://identifiers.org/chebi/31175,0,2,,cheminf:000000 -> skos:exactMatch -> cheminf:000407
https://identifiers.org/chebi/34757,0,2,,cheminf:000000 -> skos:exactMatch -> cheminf:000407
https://identifiers.org/chebi/164200,0,2,,cheminf:000000 -> skos:exactMatch -> cheminf:000407
https://identifiers.org/chebi/83779,0,2,,cheminf:000000 -> skos:exactMatch -> cheminf:000407
https://identifiers.org/chebi/28487,0,2,,cheminf:000000 -> skos:exactMatch -> cheminf:000407
https://identifiers.org/chebi/132098,0,2,,cheminf:000000 -> skos:exactMatch -> cheminf:000407
https://identifiers.org/chebi/8450,0,2,,cheminf:000000 -> skos:exactMatch -> cheminf:000407
https://identifiers.org/chebi/46916,0,2,,cheminf:000000 -> skos:exactMatch -> cheminf:000407
http://purl.org/commons/record/mesh/D006394,1,3,pato:0001241 -> dc:identifier -> pato:0001241,aopo:KeyEvent -> pato:0001241 -> pato:0001241
https://identifiers.org/chebi/100246,0,2,,cheminf:000000 -> skos:exactMatch -> cheminf:000407
https://identifiers.org/chebi/27856,0,2,,cheminf:000000 -> skos:exactMatch -> cheminf:000407
http://purl.org/commons/record/mesh/D005326,1,3,pato:0001241 -> dc:identifier -> pato:0001241,aopo:KeyEvent -> pato:0001241 -> pato:0001241
https://identifiers.org/chebi/39548,0,2,,cheminf:000000 -> skos:exactMatch -> cheminf:000407
https://identifiers.org/chebi/34699,0,2,,cheminf:000000 -> skos:exactMatch -> cheminf:000407
https://identifiers.org/chebi/80741,0,2,,cheminf:000000 -> skos:exactMatch -> cheminf:000407
https://identifiers.org/chebi/33629,0,2,,cheminf:000000 -> skos:exactMatch -> cheminf:000407
https://identifiers.org/chebi/33191,0,2,,cheminf:000000 -> skos:exactMatch -> cheminf:000407
https://identifiers.org/chebi/34905,0,2,,cheminf:000000 -> skos:exactMatch -> cheminf:000407
http://purl.org/commons/record/mesh/D009124,1,3,pato:0001241 -> dc:identifier -> pato:0001241,aopo:KeyEvent -> pato:0001241 -> pato:0001241
https://identifiers.org/chebi/4034,0,2,,cheminf:000000 -> skos:exactMatch -> cheminf:000407
https://identifiers.org/chebi/17688,0,2,,cheminf:000000 -> skos:exactMatch -> cheminf:000407
https://identifiers.org/chebi/81939,0,2,,cheminf:000000 -> skos:exactMatch -> cheminf:000407
https://identifiers.org/chebi/9241,0,2,,cheminf:000000 -> skos:exactMatch -> cheminf:000407
https://identifiers.org/chebi/35807,0,2,,cheminf:000000 -> skos:exactMatch -> cheminf:000407
https://identifiers.org/chebi/6902,0,2,,cheminf:000000 -> skos:exactMatch -> cheminf:000407
https://identifiers.org/chebi/28217,0,2,,cheminf:000000 -> skos:exactMatch -> cheminf:000407
https://identifiers.org/chebi/116509,0,2,,cheminf:000000 -> skos:exactMatch -> cheminf:000407
https://identifiers.org/chebi/25255,0,2,,cheminf:000000 -> skos:exactMatch -> cheminf:000407
https://identifiers.org/chebi/41922,0,2,,cheminf:000000 -> skos:exactMatch -> cheminf:000407
https://identifiers.org/chebi/3764,0,2,,cheminf:000000 -> skos:exactMatch -> cheminf:000407
https://identifiers.org/chebi/39185,0,2,,cheminf:000000 -> skos:exactMatch -> cheminf:000407
https://identifiers.org/chebi/34687,0,2,,cheminf:000000 -> skos:exactMatch -> cheminf:000407
https://identifiers.org/chebi/41423,0,2,,cheminf:000000 -> skos:exactMatch -> cheminf:000407
https://identifiers.org/chebi/135316,0,2,,cheminf:000000 -> skos:exactMatch -> cheminf:000407
https://identifiers.org/chebi/28864,0,2,,cheminf:000000 -> skos:exactMatch -> cheminf:000407
http://purl.org/commons/record/mesh/D064828,1,3,pato:0001241 -> dc:identifier -> pato:0001241,aopo:KeyEvent -> pato:0001241 -> pato:0001241
https://identifiers.org/chebi/2825,0,2,,cheminf:000000 -> skos:exactMatch -> cheminf:000407
https://identifiers.org/chebi/3962,0,2,,cheminf:000000 -> skos:exactMatch -> cheminf:000407
https://identifiers.org/chebi/2564,0,2,,cheminf:000000 -> skos:exactMatch -> cheminf:000407
https://identifiers.org/chebi/28135,0,2,,cheminf:000000 -> skos:exactMatch -> cheminf:000407
http://purl.org/commons/record/mesh/D012744,1,3,go:0008150 -> dc:identifier -> go:0008150,aopo:KeyEvent -> go:0008150 -> go:0008150
https://identifiers.org/chebi/17632,0,2,,cheminf:000000 -> skos:exactMatch -> cheminf:000407
https://identifiers.org/chebi/31550,0,2,,cheminf:000000 -> skos:exactMatch -> cheminf:000407
https://identifiers.org/chebi/28955,0,2,,cheminf:000000 -> skos:exactMatch -> cheminf:000407
https://identifiers.org/chebi/34569,0,2,,cheminf:000000 -> skos:exactMatch -> cheminf:000407
http://purl.org/commons/record/mesh/D001284,1,3,go:0008150 -> dc:identifier -> go:0008150,aopo:KeyEvent -> go:0008150 -> go:0008150
https://identifiers.org/chebi/35154,0,2,,cheminf:000000 -> skos:exactMatch -> cheminf:000407
https://identifiers.org/chebi/35255,0,2,,cheminf:000000 -> skos:exactMatch -> cheminf:000407
https://identifiers.org/chebi/4791,0,2,,cheminf:000000 -> skos:exactMatch -> cheminf:000407
https://identifiers.org/chebi/46195,0,2,,cheminf:000000 -> skos:exactMatch -> cheminf:000407
https://identifiers.org/chebi/31882,0,2,,cheminf:000000 -> skos:exactMatch -> cheminf:000407
https://identifiers.org/chebi/3387,0,2,,cheminf:000000 -> skos:exactMatch -> cheminf:000407
https://identifiers.org/chebi/38746,0,2,,cheminf:000000 -> skos:exactMatch -> cheminf:000407
https://identifiers.org/chebi/15365,0,2,,cheminf:000000 -> skos:exactMatch -> cheminf:000407
https://identifiers.org/chebi/77733,0,2,,cheminf:000000 -> skos:exactMatch -> cheminf:000407
https://identifiers.org/chebi/7582,0,2,,cheminf:000000 -> skos:exactMatch -> cheminf:000407
https://identifiers.org/chebi/34911,0,2,,cheminf:000000 -> skos:exactMatch -> cheminf:000407
https://identifiers.org/chebi/3994,0,2,,cheminf:000000 -> skos:exactMatch -> cheminf:000407
https://identifiers.org/chebi/82019,0,2,,cheminf:000000 -> skos:exactMatch -> cheminf:000407
https://identifiers.org/chebi/6710,0,2,,cheminf:000000 -> skos:exactMatch -> cheminf:000407
https://identifiers.org/chebi/6030,0,2,,cheminf:000000 -> skos:exactMatch -> cheminf:000407
https://identifiers.org/chebi/6741,0,2,,cheminf:000000 -> skos:exactMatch -> cheminf:000407
https://identifiers.org/chebi/3696,0,2,,cheminf:000000 -> skos:exactMatch -> cheminf:000407
https://identifiers.org/chebi/31823,0,2,,cheminf:000000 -> skos:exactMatch -> cheminf:000407
https://identifiers.org/chebi/33216,0,2,,cheminf:000000 -> skos:exactMatch -> cheminf:000407
https://identifiers.org/chebi/47519,0,2,,cheminf:000000 -> skos:exactMatch -> cheminf:000407
https://identifiers.org/chebi/45863,0,2,,cheminf:000000 -> skos:exactMatch -> cheminf:000407
http://purl.org/commons/record/mesh/D009026,1,3,go:0008150 -> dc:identifier -> go:0008150,aopo:KeyEvent -> go:0008150 -> go:0008150
https://identifiers.org/chebi/34399,0,2,,cheminf:000000 -> skos:exactMatch -> cheminf:000407
https://identifiers.org/chebi/15347,0,2,,cheminf:000000 -> skos:exactMatch -> cheminf:000407
https://identifiers.org/chebi/5296,0,2,,cheminf:000000 -> skos:exactMatch -> cheminf:000407
http://purl.org/commons/record/mesh/D005234,1,3,pato:0001241 -> dc:identifier -> pato:0001241,aopo:KeyEvent -> pato:0001241 -> pato:0001241
https://identifiers.org/chebi/44185,0,2,,cheminf:000000 -> skos:exactMatch -> cheminf:000407
https://identifiers.org/chebi/9352,0,2,,cheminf:000000 -> skos:exactMatch -> cheminf:000407
https://identifiers.org/chebi/77649,0,2,,cheminf:000000 -> skos:exactMatch -> cheminf:000407
https://identifiers.org/chebi/5132,0,2,,cheminf:000000 -> skos:exactMatch -> cheminf:000407
https://identifiers.org/chebi/3655,0,2,,cheminf:000000 -> skos:exactMatch -> cheminf:000407
https://identifiers.org/chebi/141474,0,2,,cheminf:000000 -> skos:exactMatch -> cheminf:000407
https://identifiers.org/chebi/134126,0,2,,cheminf:000000 -> skos:exactMatch -> cheminf:000407
https://identifiers.org/chebi/102265,0,2,,cheminf:000000 -> skos:exactMatch -> cheminf:000407
https://identifiers.org/chebi/3647,0,2,,cheminf:000000 -> skos:exactMatch -> cheminf:000407
https://identifiers.org/chebi/6130,0,2,,cheminf:000000 -> skos:exactMatch -> cheminf:000407
https://identifiers.org/chebi/27693,0,2,,cheminf:000000 -> skos:exactMatch -> cheminf:000407
http://purl.org/commons/record/mesh/D003371,1,3,pato:0001241 -> dc:identifier -> pato:0001241,aopo:KeyEvent -> pato:0001241 -> pato:0001241
http://purl.org/commons/record/mesh/D019562,1,3,pato:0001241 -> dc:identifier -> pato:0001241,aopo:KeyEvent -> pato:0001241 -> pato:0001241
https://identifiers.org/chebi/39669,0,2,,cheminf:000000 -> skos:exactMatch -> cheminf:000407
https://identifiers.org/chebi/16469,0,2,,cheminf:000000 -> skos:exactMatch -> cheminf:000407
http://purl.org/commons/record/mesh/D016586,1,3,pato:0001241 -> dc:identifier -> pato:0001241,aopo:KeyEvent -> pato:0001241 -> pato:0001241
https://identifiers.org/chebi/3093,0,2,,cheminf:000000 -> skos:exactMatch -> cheminf:000407
https://identifiers.org/chebi/92928,0,2,,cheminf:000000 -> skos:exactMatch -> cheminf:000407
https://identifiers.org/chebi/15939,0,2,,cheminf:000000 -> skos:exactMatch -> cheminf:000407
http://purl.org/commons/record/mesh/D007662,1,3,go:0008150 -> dc:identifier -> go:0008150,aopo:KeyEvent -> go:0008150 -> go:0008150
https://identifiers.org/chebi/8069,0,2,,cheminf:000000 -> skos:exactMatch -> cheminf:000407
https://identifiers.org/chebi/39233,0,2,,cheminf:000000 -> skos:exactMatch -> cheminf:000407
http://purl.org/commons/record/mesh/C565682,1,3,pato:0001241 -> dc:identifier -> pato:0001241,aopo:KeyEvent -> pato:0001241 -> pato:0001241
https://identifiers.org/chebi/6843,0,2,,cheminf:000000 -> skos:exactMatch -> cheminf:000407
https://identifiers.org/chebi/28748,0,2,,cheminf:000000 -> skos:exactMatch -> cheminf:000407
http://purl.org/commons/record/mesh/D008679,4,12,pato:0001241 -> dc:identifier -> pato:0001241,aopo:BiologicalEvent -> aopo:hasObject -> go:0008150
https://identifiers.org/chebi/48336,0,2,,cheminf:000000 -> skos:exactMatch -> cheminf:000407
https://identifiers.org/chebi/10127,0,2,,cheminf:000000 -> skos:exactMatch -> cheminf:000407
http://purl.org/commons/record/mesh/D004198,1,3,go:0008150 -> dc:identifier -> go:0008150,aopo:KeyEvent -> go:0008150 -> go:0008150
https://identifiers.org/chebi/29287,0,2,,cheminf:000000 -> skos:exactMatch -> cheminf:000407
https://identifiers.org/chebi/27452,0,2,,cheminf:000000 -> skos:exactMatch -> cheminf:000407
https://identifiers.org/chebi/81822,0,2,,cheminf:000000 -> skos:exactMatch -> cheminf:000407
https://identifiers.org/chebi/6964,0,2,,cheminf:000000 -> skos:exactMatch -> cheminf:000407
https://identifiers.org/chebi/83759,0,2,,cheminf:000000 -> skos:exactMatch -> cheminf:000407
http://purl.org/commons/record/mesh/D064417,1,3,pato:0001241 -> dc:identifier -> pato:0001241,aopo:KeyEvent -> pato:0001241 -> pato:0001241
https://identifiers.org/chebi/27882,0,2,,cheminf:000000 -> skos:exactMatch -> cheminf:000407
https://identifiers.org/chebi/59224,0,2,,cheminf:000000 -> skos:exactMatch -> cheminf:000407
https://identifiers.org/chebi/4357,0,2,,cheminf:000000 -> skos:exactMatch -> cheminf:000407
https://identifiers.org/chebi/28119,0,2,,cheminf:000000 -> skos:exactMatch -> cheminf:000407
https://identifiers.org/chebi/39325,0,2,,cheminf:000000 -> skos:exactMatch -> cheminf:000407
https://identifiers.org/chebi/80495,0,2,,cheminf:000000 -> skos:exactMatch -> cheminf:000407
https://identifiers.org/chebi/30050,0,2,,cheminf:000000 -> skos:exactMatch -> cheminf:000407
https://identifiers.org/chebi/15368,0,2,,cheminf:000000 -> skos:exactMatch -> cheminf:000407
https://identifiers.org/chebi/9123,0,2,,cheminf:000000 -> skos:exactMatch -> cheminf:000407
http://purl.org/commons/record/mesh/D007511,1,3,go:0008150 -> dc:identifier -> go:0008150,aopo:KeyEvent -> go:0008150 -> go:0008150
https://identifiers.org/chebi/9453,0,2,,cheminf:000000 -> skos:exactMatch -> cheminf:000407
https://identifiers.org/chebi/35828,0,2,,cheminf:000000 -> skos:exactMatch -> cheminf:000407
https://identifiers.org/chebi/15382,0,2,,cheminf:000000 -> skos:exactMatch -> cheminf:000407
https://identifiers.org/chebi/4509,0,2,,cheminf:000000 -> skos:exactMatch -> cheminf:000407
https://identifiers.org/chebi/39346,0,2,,cheminf:000000 -> skos:exactMatch -> cheminf:000407
https://identifiers.org/chebi/16130,0,2,,cheminf:000000 -> skos:exactMatch -> cheminf:000407
https://identifiers.org/chebi/5951,0,2,,cheminf:000000 -> skos:exactMatch -> cheminf:000407
https://identifiers.org/chebi/9986,0,2,,cheminf:000000 -> skos:exactMatch -> cheminf:000407
https://identifiers.org/chebi/2762,0,2,,cheminf:000000 -> skos:exactMatch -> cheminf:000407
https://identifiers.org/chebi/63449,0,2,,cheminf:000000 -> skos:exactMatch -> cheminf:000407
https://identifiers.org/chebi/52492,0,2,,cheminf:000000 -> skos:exactMatch -> cheminf:000407
https://identifiers.org/chebi/4659,0,2,,cheminf:000000 -> skos:exactMatch -> cheminf:000407
https://identifiers.org/chebi/6717,0,2,,cheminf:000000 -> skos:exactMatch -> cheminf:000407
https://identifiers.org/chebi/3023,0,2,,cheminf:000000 -> skos:exactMatch -> cheminf:000407
https://identifiers.org/chebi/46081,0,2,,cheminf:000000 -> skos:exactMatch -> cheminf:000407
https://identifiers.org/chebi/6842,0,2,,cheminf:000000 -> skos:exactMatch -> cheminf:000407
https://identifiers.org/chebi/6015,0,2,,cheminf:000000 -> skos:exactMatch -> cheminf:000407
https://identifiers.org/chebi/9434,0,2,,cheminf:000000 -> skos:exactMatch -> cheminf:000407
https://identifiers.org/chebi/25675,0,2,,cheminf:000000 -> skos:exactMatch -> cheminf:000407
https://identifiers.org/chebi/28445,0,2,,cheminf:000000 -> skos:exactMatch -> cheminf:000407
https://identifiers.org/chebi/21759,0,2,,cheminf:000000 -> skos:exactMatch -> cheminf:000407
https://identifiers.org/chebi/28984,0,2,,cheminf:000000 -> skos:exactMatch -> cheminf:000407
https://identifiers.org/chebi/119569,0,2,,cheminf:000000 -> skos:exactMatch -> cheminf:000407
http://purl.org/commons/record/mesh/D001650,1,3,pato:0001241 -> dc:identifier -> pato:0001241,aopo:KeyEvent -> pato:0001241 -> pato:0001241
https://identifiers.org/chebi/36704,0,2,,cheminf:000000 -> skos:exactMatch -> cheminf:000407
http://purl.org/commons/record/mesh/D012912,1,3,pato:0001241 -> dc:identifier -> pato:0001241,aopo:KeyEvent -> pato:0001241 -> pato:0001241
http://purl.org/commons/record/mesh/D006461,1,3,pato:0001241 -> dc:identifier -> pato:0001241,aopo:KeyEvent -> pato:0001241 -> pato:0001241
https://identifiers.org/chebi/34440,0,2,,cheminf:000000 -> skos:exactMatch -> cheminf:000407
https://identifiers.org/chebi/84005,0,2,,cheminf:000000 -> skos:exactMatch -> cheminf:000407
https://identifiers.org/chebi/585948,0,2,,cheminf:000000 -> skos:exactMatch -> cheminf:000407
https://identifiers.org/chebi/8434,0,2,,cheminf:000000 -> skos:exactMatch -> cheminf:000407
https://identifiers.org/chebi/3392,0,2,,cheminf:000000 -> skos:exactMatch -> cheminf:000407
http://purl.org/commons/record/mesh/D008080,1,3,pato:0001241 -> dc:identifier -> pato:0001241,aopo:KeyEvent -> pato:0001241 -> pato:0001241
https://identifiers.org/chebi/4953,0,2,,cheminf:000000 -> skos:exactMatch -> cheminf:000407
https://identifiers.org/chebi/28052,0,2,,cheminf:000000 -> skos:exactMatch -> cheminf:000407
https://identifiers.org/chebi/144093,0,2,,cheminf:000000 -> skos:exactMatch -> cheminf:000407
http://purl.org/commons/record/mesh/D000758,1,3,pato:0001241 -> dc:identifier -> pato:0001241,aopo:KeyEvent -> pato:0001241 -> pato:0001241
https://identifiers.org/chebi/83732,0,2,,cheminf:000000 -> skos:exactMatch -> cheminf:000407
https://identifiers.org/chebi/82297,0,2,,cheminf:000000 -> skos:exactMatch -> cheminf:000407
https://identifiers.org/chebi/38452,0,2,,cheminf:000000 -> skos:exactMatch -> cheminf:000407
https://identifiers.org/chebi/4910,0,2,,cheminf:000000 -> skos:exactMatch -> cheminf:000407
https://identifiers.org/chebi/166573,0,2,,cheminf:000000 -> skos:exactMatch -> cheminf:000407
https://identifiers.org/chebi/348530,0,2,,cheminf:000000 -> skos:exactMatch -> cheminf:000407
https://identifiers.org/chebi/135888,0,2,,cheminf:000000 -> skos:exactMatch -> cheminf:000407
https://identifiers.org/chebi/29105,0,2,,cheminf:000000 -> skos:exactMatch -> cheminf:000407
http://purl.org/commons/record/mesh/D007987,1,3,pato:0001241 -> dc:identifier -> pato:0001241,aopo:KeyEvent -> pato:0001241 -> pato:0001241
https://identifiers.org/chebi/39400,0,2,,cheminf:000000 -> skos:exactMatch -> cheminf:000407
https://identifiers.org/chebi/3015,0,2,,cheminf:000000 -> skos:exactMatch -> cheminf:000407
https://identifiers.org/chebi/44241,0,2,,cheminf:000000 -> skos:exactMatch -> cheminf:000407
https://identifiers.org/chebi/139344,0,2,,cheminf:000000 -> skos:exactMatch -> cheminf:000407
https://identifiers.org/chebi/79396,0,2,,cheminf:000000 -> skos:exactMatch -> cheminf:000407
https://identifiers.org/chebi/35033,0,2,,cheminf:000000 -> skos:exactMatch -> cheminf:000407
https://identifiers.org/chebi/5855,0,2,,cheminf:000000 -> skos:exactMatch -> cheminf:000407
https://identifiers.org/chebi/49482,0,2,,cheminf:000000 -> skos:exactMatch -> cheminf:000407
https://identifiers.org/chebi/82892,0,2,,cheminf:000000 -> skos:exactMatch -> cheminf:000407
https://identifiers.org/chebi/50694,0,2,,cheminf:000000 -> skos:exactMatch -> cheminf:000407
https://identifiers.org/chebi/7449,0,2,,cheminf:000000 -> skos:exactMatch -> cheminf:000407
https://identifiers.org/chebi/4393,0,2,,cheminf:000000 -> skos:exactMatch -> cheminf:000407
https://identifiers.org/chebi/4798,0,2,,cheminf:000000 -> skos:exactMatch -> cheminf:000407
https://identifiers.org/chebi/34133,0,2,,cheminf:000000 -> skos:exactMatch -> cheminf:000407
https://identifiers.org/chebi/28112,0,2,,cheminf:000000 -> skos:exactMatch -> cheminf:000407
https://identifiers.org/chebi/18022,0,2,,cheminf:000000 -> skos:exactMatch -> cheminf:000407
https://identifiers.org/chebi/34795,0,2,,cheminf:000000 -> skos:exactMatch -> cheminf:000407
https://identifiers.org/chebi/102030,0,2,,cheminf:000000 -> skos:exactMatch -> cheminf:000407
https://identifiers.org/chebi/4792,0,2,,cheminf:000000 -> skos:exactMatch -> cheminf:000407
https://identifiers.org/chebi/9195,0,2,,cheminf:000000 -> skos:exactMatch -> cheminf:000407
https://identifiers.org/chebi/3750,0,2,,cheminf:000000 -> skos:exactMatch -> cheminf:000407
https://identifiers.org/chebi/7565,0,2,,cheminf:000000 -> skos:exactMatch -> cheminf:000407
https://identifiers.org/chebi/48775,0,2,,cheminf:000000 -> skos:exactMatch -> cheminf:000407
https://identifiers.org/chebi/81782,0,2,,cheminf:000000 -> skos:exactMatch -> cheminf:000407
https://identifiers.org/chebi/81922,0,2,,cheminf:000000 -> skos:exactMatch -> cheminf:000407
https://identifiers.org/chebi/16170,0,2,,cheminf:000000 -> skos:exactMatch -> cheminf:000407
http://purl.org/commons/record/mesh/D048031,1,3,pato:0001241 -> dc:identifier -> pato:0001241,aopo:KeyEvent -> pato:0001241 -> pato:0001241
http://purl.org/commons/record/mesh/D006528,4,12,pato:0001241 -> dc:identifier -> pato:0001241,aopo:BiologicalEvent -> aopo:hasObject -> go:0008150
http://purl.org/commons/record/mesh/D020387,1,3,pato:0001241 -> dc:identifier -> pato:0001241,aopo:KeyEvent -> pato:0001241 -> pato:0001241
https://identifiers.org/chebi/29678,0,2,,cheminf:000000 -> skos:exactMatch -> cheminf:000407
https://identifiers.org/chebi/64243,0,2,,cheminf:000000 -> skos:exactMatch -> cheminf:000407
http://purl.org/commons/record/mesh/D061205,1,3,go:0008150 -> dc:identifier -> go:0008150,aopo:KeyEvent -> go:0008150 -> go:0008150
https://identifiers.org/chebi/29866,0,2,,cheminf:000000 -> skos:exactMatch -> cheminf:000407
https://identifiers.org/chebi/33217,0,2,,cheminf:000000 -> skos:exactMatch -> cheminf:000407
http://purl.org/commons/record/mesh/D012380,1,3,go:0008150 -> dc:identifier -> go:0008150,aopo:KeyEvent -> go:0008150 -> go:0008150
http://purl.org/commons/record/mesh/D007674,1,3,go:0008150 -> dc:identifier -> go:0008150,aopo:KeyEvent -> go:0008150 -> go:0008150
https://identifiers.org/chebi/30512,0,2,,cheminf:000000 -> skos:exactMatch -> cheminf:000407
https://identifiers.org/chebi/81955,0,2,,cheminf:000000 -> skos:exactMatch -> cheminf:000407
https://identifiers.org/chebi/82261,0,2,,cheminf:000000 -> skos:exactMatch -> cheminf:000407
https://identifiers.org/chebi/16236,0,2,,cheminf:000000 -> skos:exactMatch -> cheminf:000407
https://identifiers.org/chebi/10023,0,2,,cheminf:000000 -> skos:exactMatch -> cheminf:000407
https://identifiers.org/chebi/27899,0,2,,cheminf:000000 -> skos:exactMatch -> cheminf:000407
http://purl.org/commons/record/mesh/D003490,1,3,pato:0001241 -> dc:identifier -> pato:0001241,aopo:KeyEvent -> pato:0001241 -> pato:0001241
https://identifiers.org/chebi/16240,0,2,,cheminf:000000 -> skos:exactMatch -> cheminf:000407
https://identifiers.org/chebi/28088,0,2,,cheminf:000000 -> skos:exactMatch -> cheminf:000407
https://identifiers.org/chebi/48574,0,2,,cheminf:000000 -> skos:exactMatch -> cheminf:000407
https://identifiers.org/chebi/83394,0,2,,cheminf:000000 -> skos:exactMatch -> cheminf:000407
https://identifiers.org/chebi/35456,0,2,,cheminf:000000 -> skos:exactMatch -> cheminf:000407
https://identifiers.org/chebi/16583,0,2,,cheminf:000000 -> skos:exactMatch -> cheminf:000407
https://identifiers.org/chebi/16842,0,2,,cheminf:000000 -> skos:exactMatch -> cheminf:000407
https://identifiers.org/chebi/6651,0,2,,cheminf:000000 -> skos:exactMatch -> cheminf:000407
https://identifiers.org/chebi/27810,0,2,,cheminf:000000 -> skos:exactMatch -> cheminf:000407
https://identifiers.org/chebi/31689,0,2,,cheminf:000000 -> skos:exactMatch -> cheminf:000407
https://identifiers.org/chebi/37943,0,2,,cheminf:000000 -> skos:exactMatch -> cheminf:000407
https://identifiers.org/chebi/46961,0,2,,cheminf:000000 -> skos:exactMatch -> cheminf:000407
